"","outlet","category","title","date","month","year","url"
"1","FAZ","Bürgergeld","Ein Sammelsurium namens Bürgergeld",2022-09-14,9,2022,"https://fazarchiv.faz.net/faz-portal/faz-archiv?q=B%C3%BCrgergeld&source=&max=30&sort=&offset=330&_ts=1685371207396&DT_from=01.08.2022&DT_to=31.01.2023&timeFilterType=0#"
"2","FAZ","Bürgergeld","Ein Sammelsurium namens Bürgergeld",2022-09-14,9,2022,"https://fazarchiv.faz.net/faz-portal/faz-archiv?q=B%C3%BCrgergeld&source=&max=30&sort=&offset=330&_ts=1685371207396&DT_from=01.08.2022&DT_to=31.01.2023&timeFilterType=0#"
"3","FAZ","Bürgergeld","Das steckt im neuen Bürgergeld",2022-09-14,9,2022,"https://fazarchiv.faz.net/faz-portal/faz-archiv?q=B%C3%BCrgergeld&source=&max=30&sort=&offset=330&_ts=1685371207396&DT_from=01.08.2022&DT_to=31.01.2023&timeFilterType=0#"
"4","FAZ","Bürgergeld","Entflammt der nächste Krieg in Osteuropa?",2022-09-14,9,2022,"https://fazarchiv.faz.net/faz-portal/faz-archiv?q=B%C3%BCrgergeld&source=&max=30&sort=&offset=330&_ts=1685371207396&DT_from=01.08.2022&DT_to=31.01.2023&timeFilterType=0#"
"5","FAZ","Bürgergeld","Diplomatische Lösung im Ukrainekrieg? • EU Pläne gegen hohe Strompreise • Letzter Besuch bei der Queen",2022-09-14,9,2022,"https://fazarchiv.faz.net/faz-portal/faz-archiv?q=B%C3%BCrgergeld&source=&max=30&sort=&offset=330&_ts=1685371207396&DT_from=01.08.2022&DT_to=31.01.2023&timeFilterType=0#"
"6","FAZ","Bürgergeld","Sozialverband Deutschland hält Bürgergeld-Regelsatz für zu niedrig",2022-09-13,9,2022,"https://fazarchiv.faz.net/faz-portal/faz-archiv?q=B%C3%BCrgergeld&source=&max=30&sort=&offset=330&_ts=1685371207396&DT_from=01.08.2022&DT_to=31.01.2023&timeFilterType=0#"
"7","FAZ","Bürgergeld","Sozialverband Deutschland hält Bürgergeld-Regelsatz für zu niedrig",2022-09-13,9,2022,"https://fazarchiv.faz.net/faz-portal/faz-archiv?q=B%C3%BCrgergeld&source=&max=30&sort=&offset=330&_ts=1685371207396&DT_from=01.08.2022&DT_to=31.01.2023&timeFilterType=0#"
"8","FAZ","Bürgergeld","Für mehr Menschen lohnt sich Nicht-Arbeiten mehr als Arbeiten",2022-09-12,9,2022,"https://fazarchiv.faz.net/faz-portal/faz-archiv?q=B%C3%BCrgergeld&source=&max=30&sort=&offset=330&_ts=1685371207396&DT_from=01.08.2022&DT_to=31.01.2023&timeFilterType=0#"
"9","FAZ","Bürgergeld","Zum Start 502 Euro",2022-09-12,9,2022,"https://fazarchiv.faz.net/faz-portal/faz-archiv?q=B%C3%BCrgergeld&source=&max=30&sort=&offset=330&_ts=1685371207396&DT_from=01.08.2022&DT_to=31.01.2023&timeFilterType=0#"
"10","FAZ","Bürgergeld","Zum Start 502 Euro",2022-09-11,9,2022,"https://fazarchiv.faz.net/faz-portal/faz-archiv?q=B%C3%BCrgergeld&source=&max=30&sort=&offset=330&_ts=1685371207396&DT_from=01.08.2022&DT_to=31.01.2023&timeFilterType=0#"
"11","FAZ","Bürgergeld","Zum Start 502 Euro",2022-09-11,9,2022,"https://fazarchiv.faz.net/faz-portal/faz-archiv?q=B%C3%BCrgergeld&source=&max=30&sort=&offset=330&_ts=1685371207396&DT_from=01.08.2022&DT_to=31.01.2023&timeFilterType=0#"
"12","FAZ","Bürgergeld","Abschied vom Grundeinkommen",2022-09-11,9,2022,"https://fazarchiv.faz.net/faz-portal/faz-archiv?q=B%C3%BCrgergeld&source=&max=30&sort=&offset=330&_ts=1685371207396&DT_from=01.08.2022&DT_to=31.01.2023&timeFilterType=0#"
"13","FAZ","Bürgergeld","Das Päckchen",2022-09-11,9,2022,"https://fazarchiv.faz.net/faz-portal/faz-archiv?q=B%C3%BCrgergeld&source=&max=30&sort=&offset=330&_ts=1685371207396&DT_from=01.08.2022&DT_to=31.01.2023&timeFilterType=0#"
"14","FAZ","Bürgergeld","Kein Volksentscheid",2022-09-07,9,2022,"https://fazarchiv.faz.net/faz-portal/faz-archiv?q=B%C3%BCrgergeld&source=&max=30&sort=&offset=330&_ts=1685371207396&DT_from=01.08.2022&DT_to=31.01.2023&timeFilterType=0#"
"15","FAZ","Bürgergeld","Rückschlag für Grundeinkommen",2022-09-07,9,2022,"https://fazarchiv.faz.net/faz-portal/faz-archiv?q=B%C3%BCrgergeld&source=&max=30&sort=&offset=330&_ts=1685371207396&DT_from=01.08.2022&DT_to=31.01.2023&timeFilterType=0#"
"16","FAZ","Bürgergeld","Wer bekommt wie viel Geld?",2022-09-07,9,2022,"https://fazarchiv.faz.net/faz-portal/faz-archiv?q=B%C3%BCrgergeld&source=&max=30&sort=&offset=330&_ts=1685371207396&DT_from=01.08.2022&DT_to=31.01.2023&timeFilterType=0#"
"17","FAZ","Bürgergeld","Kein Volksentscheid zu Grundeinkommen in Berlin",2022-09-06,9,2022,"https://fazarchiv.faz.net/faz-portal/faz-archiv?q=B%C3%BCrgergeld&source=&max=30&sort=&offset=330&_ts=1685371207396&DT_from=01.08.2022&DT_to=31.01.2023&timeFilterType=0#"
"18","FAZ","Bürgergeld","Wer bekommt wie viel?",2022-09-06,9,2022,"https://fazarchiv.faz.net/faz-portal/faz-archiv?q=B%C3%BCrgergeld&source=&max=30&sort=&offset=330&_ts=1685371207396&DT_from=01.08.2022&DT_to=31.01.2023&timeFilterType=0#"
"19","FAZ","Bürgergeld","Alle Wege führen in die Abruzzen",2022-09-05,9,2022,"https://fazarchiv.faz.net/faz-portal/faz-archiv?q=B%C3%BCrgergeld&source=&max=30&sort=&offset=330&_ts=1685371207396&DT_from=01.08.2022&DT_to=31.01.2023&timeFilterType=0#"
"20","FAZ","Bürgergeld","Die Menschen haben etwas Besseres verdient",2022-09-05,9,2022,"https://fazarchiv.faz.net/faz-portal/faz-archiv?q=B%C3%BCrgergeld&source=&max=30&sort=&offset=330&_ts=1685371207396&DT_from=01.08.2022&DT_to=31.01.2023&timeFilterType=0#"
"21","FAZ","Bürgergeld","Nach 22 Stunden ist für alle was dabei",2022-09-05,9,2022,"https://fazarchiv.faz.net/faz-portal/faz-archiv?q=B%C3%BCrgergeld&source=&max=30&sort=&offset=330&_ts=1685371207396&DT_from=01.08.2022&DT_to=31.01.2023&timeFilterType=0#"
"22","FAZ","Bürgergeld","Neues Entlastungspaket der Ampel: Zu wenig, zu spät, zu schwammig",2022-09-05,9,2022,"https://fazarchiv.faz.net/faz-portal/faz-archiv?q=B%C3%BCrgergeld&source=&max=30&sort=&offset=330&_ts=1685371207396&DT_from=01.08.2022&DT_to=31.01.2023&timeFilterType=0#"
"23","FAZ","Bürgergeld","Bazooka Nummer zwei",2022-09-04,9,2022,"https://fazarchiv.faz.net/faz-portal/faz-archiv?q=B%C3%BCrgergeld&source=&max=30&sort=&offset=330&_ts=1685371207396&DT_from=01.08.2022&DT_to=31.01.2023&timeFilterType=0#"
"24","FAZ","Bürgergeld","Man hätte mehr tun müssen",2022-09-04,9,2022,"https://fazarchiv.faz.net/faz-portal/faz-archiv?q=B%C3%BCrgergeld&source=&max=30&sort=&offset=330&_ts=1685371207396&DT_from=01.08.2022&DT_to=31.01.2023&timeFilterType=0#"
"25","FAZ","Bürgergeld","Bazooka Nummer zwei",2022-09-04,9,2022,"https://fazarchiv.faz.net/faz-portal/faz-archiv?q=B%C3%BCrgergeld&source=&max=30&sort=&offset=330&_ts=1685371207396&DT_from=01.08.2022&DT_to=31.01.2023&timeFilterType=0#"
"26","FAZ","Bürgergeld","Das dritte Entlastungspaket im Überblick",2022-09-04,9,2022,"https://fazarchiv.faz.net/faz-portal/faz-archiv?q=B%C3%BCrgergeld&source=&max=30&sort=&offset=330&_ts=1685371207396&DT_from=01.08.2022&DT_to=31.01.2023&timeFilterType=0#"
"27","FAZ","Bürgergeld","Das dritte Entlastungspaket im Überblick",2022-09-04,9,2022,"https://fazarchiv.faz.net/faz-portal/faz-archiv?q=B%C3%BCrgergeld&source=&max=30&sort=&offset=330&_ts=1685371207396&DT_from=01.08.2022&DT_to=31.01.2023&timeFilterType=0#"
"28","FAZ","Bürgergeld","Nahles startet mit guten Arbeitsmarktzahlen",2022-09-01,9,2022,"https://fazarchiv.faz.net/faz-portal/faz-archiv?q=B%C3%BCrgergeld&source=&max=30&sort=&offset=330&_ts=1685371207396&DT_from=01.08.2022&DT_to=31.01.2023&timeFilterType=0#"
"29","FAZ","Bürgergeld","Der Teufel fährt Prada",2022-10-09,10,2022,"https://fazarchiv.faz.net/faz-portal/faz-archiv?q=B%C3%BCrgergeld&source=&max=30&sort=&offset=300&_ts=1685371207396&DT_from=01.08.2022&DT_to=31.01.2023&timeFilterType=0#"
"30","FAZ","Bürgergeld","Das Bürgergeld führt nicht zum Ziel",2022-10-07,10,2022,"https://fazarchiv.faz.net/faz-portal/faz-archiv?q=B%C3%BCrgergeld&source=&max=30&sort=&offset=300&_ts=1685371207396&DT_from=01.08.2022&DT_to=31.01.2023&timeFilterType=0#"
"31","FAZ","Bürgergeld","Der Teufel fährt Prada",2022-10-07,10,2022,"https://fazarchiv.faz.net/faz-portal/faz-archiv?q=B%C3%BCrgergeld&source=&max=30&sort=&offset=300&_ts=1685371207396&DT_from=01.08.2022&DT_to=31.01.2023&timeFilterType=0#"
"32","FAZ","Bürgergeld","Ein Schlag ins Gesicht",2022-10-01,10,2022,"https://fazarchiv.faz.net/faz-portal/faz-archiv?q=B%C3%BCrgergeld&source=&max=30&sort=&offset=300&_ts=1685371207396&DT_from=01.08.2022&DT_to=31.01.2023&timeFilterType=0#"
"33","FAZ","Bürgergeld","Leserbriefe vom 1. Oktober 2022",2022-10-01,10,2022,"https://fazarchiv.faz.net/faz-portal/faz-archiv?q=B%C3%BCrgergeld&source=&max=30&sort=&offset=300&_ts=1685371207396&DT_from=01.08.2022&DT_to=31.01.2023&timeFilterType=0#"
"34","FAZ","Bürgergeld","Ampel baut Wohngeld kräftig aus",2022-09-29,9,2022,"https://fazarchiv.faz.net/faz-portal/faz-archiv?q=B%C3%BCrgergeld&source=&max=30&sort=&offset=300&_ts=1685371207396&DT_from=01.08.2022&DT_to=31.01.2023&timeFilterType=0#"
"35","FAZ","Bürgergeld","Die andere Zeitenwende",2022-09-28,9,2022,"https://fazarchiv.faz.net/faz-portal/faz-archiv?q=B%C3%BCrgergeld&source=&max=30&sort=&offset=300&_ts=1685371207396&DT_from=01.08.2022&DT_to=31.01.2023&timeFilterType=0#"
"36","FAZ","Bürgergeld","Zwischenfazit zur Krisen-Ampel: Chaotische Niederlagen und kleine Siege",2022-09-28,9,2022,"https://fazarchiv.faz.net/faz-portal/faz-archiv?q=B%C3%BCrgergeld&source=&max=30&sort=&offset=300&_ts=1685371207396&DT_from=01.08.2022&DT_to=31.01.2023&timeFilterType=0#"
"37","FAZ","Bürgergeld","Die andere Zeitenwende",2022-09-27,9,2022,"https://fazarchiv.faz.net/faz-portal/faz-archiv?q=B%C3%BCrgergeld&source=&max=30&sort=&offset=300&_ts=1685371207396&DT_from=01.08.2022&DT_to=31.01.2023&timeFilterType=0#"
"38","FAZ","Bürgergeld","Verschleierung",2022-09-27,9,2022,"https://fazarchiv.faz.net/faz-portal/faz-archiv?q=B%C3%BCrgergeld&source=&max=30&sort=&offset=300&_ts=1685371207396&DT_from=01.08.2022&DT_to=31.01.2023&timeFilterType=0#"
"39","FAZ","Bürgergeld","Die andere Zeitenwende",2022-09-27,9,2022,"https://fazarchiv.faz.net/faz-portal/faz-archiv?q=B%C3%BCrgergeld&source=&max=30&sort=&offset=300&_ts=1685371207396&DT_from=01.08.2022&DT_to=31.01.2023&timeFilterType=0#"
"40","FAZ","Bürgergeld","Wir brauchen nicht nur Fachkräfte",2022-09-25,9,2022,"https://fazarchiv.faz.net/faz-portal/faz-archiv?q=B%C3%BCrgergeld&source=&max=30&sort=&offset=300&_ts=1685371207396&DT_from=01.08.2022&DT_to=31.01.2023&timeFilterType=0#"
"41","FAZ","Bürgergeld","Staat stützt Arbeitsmarkt",2022-09-24,9,2022,"https://fazarchiv.faz.net/faz-portal/faz-archiv?q=B%C3%BCrgergeld&source=&max=30&sort=&offset=300&_ts=1685371207396&DT_from=01.08.2022&DT_to=31.01.2023&timeFilterType=0#"
"42","FAZ","Bürgergeld","Kommunen fordern Flüchtlingsgipfel",2022-09-23,9,2022,"https://fazarchiv.faz.net/faz-portal/faz-archiv?q=B%C3%BCrgergeld&source=&max=30&sort=&offset=300&_ts=1685371207396&DT_from=01.08.2022&DT_to=31.01.2023&timeFilterType=0#"
"43","FAZ","Bürgergeld","Personalaufbau beim Staat stützt Arbeitsmarkt",2022-09-23,9,2022,"https://fazarchiv.faz.net/faz-portal/faz-archiv?q=B%C3%BCrgergeld&source=&max=30&sort=&offset=300&_ts=1685371207396&DT_from=01.08.2022&DT_to=31.01.2023&timeFilterType=0#"
"44","FAZ","Bürgergeld","Kann die Linke Meloni und Salvini noch einholen?",2022-09-23,9,2022,"https://fazarchiv.faz.net/faz-portal/faz-archiv?q=B%C3%BCrgergeld&source=&max=30&sort=&offset=300&_ts=1685371207396&DT_from=01.08.2022&DT_to=31.01.2023&timeFilterType=0#"
"45","FAZ","Bürgergeld","Sie gehen aufs Ganze",2022-09-23,9,2022,"https://fazarchiv.faz.net/faz-portal/faz-archiv?q=B%C3%BCrgergeld&source=&max=30&sort=&offset=300&_ts=1685371207396&DT_from=01.08.2022&DT_to=31.01.2023&timeFilterType=0#"
"46","FAZ","Bürgergeld","Personalaufbau beim Staat stützt Arbeitsmarkt",2022-09-23,9,2022,"https://fazarchiv.faz.net/faz-portal/faz-archiv?q=B%C3%BCrgergeld&source=&max=30&sort=&offset=300&_ts=1685371207396&DT_from=01.08.2022&DT_to=31.01.2023&timeFilterType=0#"
"47","FAZ","Bürgergeld","Wir brauchen eine Willkommenskultur",2022-09-23,9,2022,"https://fazarchiv.faz.net/faz-portal/faz-archiv?q=B%C3%BCrgergeld&source=&max=30&sort=&offset=300&_ts=1685371207396&DT_from=01.08.2022&DT_to=31.01.2023&timeFilterType=0#"
"48","FAZ","Bürgergeld","Wir brauchen eine Willkommenskultur",2022-09-23,9,2022,"https://fazarchiv.faz.net/faz-portal/faz-archiv?q=B%C3%BCrgergeld&source=&max=30&sort=&offset=300&_ts=1685371207396&DT_from=01.08.2022&DT_to=31.01.2023&timeFilterType=0#"
"49","FAZ","Bürgergeld","Kommunen warnen wegen steigender Flüchtlingszahlen vor Kontrollverlust",2022-09-22,9,2022,"https://fazarchiv.faz.net/faz-portal/faz-archiv?q=B%C3%BCrgergeld&source=&max=30&sort=&offset=300&_ts=1685371207396&DT_from=01.08.2022&DT_to=31.01.2023&timeFilterType=0#"
"50","FAZ","Bürgergeld","Länder sträuben sich gegen Kostenverteilung beim Entlastungspaket",2022-09-18,9,2022,"https://fazarchiv.faz.net/faz-portal/faz-archiv?q=B%C3%BCrgergeld&source=&max=30&sort=&offset=300&_ts=1685371207396&DT_from=01.08.2022&DT_to=31.01.2023&timeFilterType=0#"
"51","FAZ","Bürgergeld","Ihr könnt mir zu hundert Prozent vertrauen!",2022-09-17,9,2022,"https://fazarchiv.faz.net/faz-portal/faz-archiv?q=B%C3%BCrgergeld&source=&max=30&sort=&offset=300&_ts=1685371207396&DT_from=01.08.2022&DT_to=31.01.2023&timeFilterType=0#"
"52","FAZ","Bürgergeld","Bürgergeld mit Nachholfaktor",2022-09-15,9,2022,"https://fazarchiv.faz.net/faz-portal/faz-archiv?q=B%C3%BCrgergeld&source=&max=30&sort=&offset=300&_ts=1685371207396&DT_from=01.08.2022&DT_to=31.01.2023&timeFilterType=0#"
"53","FAZ","Bürgergeld","Ein Sammelsurium namens Bürgergeld",2022-09-15,9,2022,"https://fazarchiv.faz.net/faz-portal/faz-archiv?q=B%C3%BCrgergeld&source=&max=30&sort=&offset=300&_ts=1685371207396&DT_from=01.08.2022&DT_to=31.01.2023&timeFilterType=0#"
"54","FAZ","Bürgergeld","Studentenwerk fordert Bafög-Erhöhung",2022-09-15,9,2022,"https://fazarchiv.faz.net/faz-portal/faz-archiv?q=B%C3%BCrgergeld&source=&max=30&sort=&offset=300&_ts=1685371207396&DT_from=01.08.2022&DT_to=31.01.2023&timeFilterType=0#"
"55","FAZ","Bürgergeld","Kabinett beschließt Abkehr von Hartz IV",2022-09-15,9,2022,"https://fazarchiv.faz.net/faz-portal/faz-archiv?q=B%C3%BCrgergeld&source=&max=30&sort=&offset=300&_ts=1685371207396&DT_from=01.08.2022&DT_to=31.01.2023&timeFilterType=0#"
"56","FAZ","Bürgergeld","Steht Xi weiter an Putins Seite?",2022-09-15,9,2022,"https://fazarchiv.faz.net/faz-portal/faz-archiv?q=B%C3%BCrgergeld&source=&max=30&sort=&offset=300&_ts=1685371207396&DT_from=01.08.2022&DT_to=31.01.2023&timeFilterType=0#"
"57","FAZ","Bürgergeld","Xi und Putin treffen sich • Schwedens Regierungschefin tritt zurück • Kardinal Woelki droht eine weitere Untersuchung",2022-09-15,9,2022,"https://fazarchiv.faz.net/faz-portal/faz-archiv?q=B%C3%BCrgergeld&source=&max=30&sort=&offset=300&_ts=1685371207396&DT_from=01.08.2022&DT_to=31.01.2023&timeFilterType=0#"
"58","FAZ","Bürgergeld","Das steckt im neuen Bürgergeld",2022-09-14,9,2022,"https://fazarchiv.faz.net/faz-portal/faz-archiv?q=B%C3%BCrgergeld&source=&max=30&sort=&offset=300&_ts=1685371207396&DT_from=01.08.2022&DT_to=31.01.2023&timeFilterType=0#"
"59","FAZ","Bürgergeld","Scholz verteidigt Bürgergeld",2022-11-01,11,2022,"https://fazarchiv.faz.net/faz-portal/faz-archiv?q=B%C3%BCrgergeld&source=&max=30&sort=&offset=270&_ts=1685371207396&DT_from=01.08.2022&DT_to=31.01.2023&timeFilterType=0#"
"60","FAZ","Bürgergeld","Scholz verteidigt Bürgergeld - Kritik von der Union",2022-10-31,10,2022,"https://fazarchiv.faz.net/faz-portal/faz-archiv?q=B%C3%BCrgergeld&source=&max=30&sort=&offset=270&_ts=1685371207396&DT_from=01.08.2022&DT_to=31.01.2023&timeFilterType=0#"
"61","FAZ","Bürgergeld","Bürgergeld bringt Jobcenter in Not",2022-10-31,10,2022,"https://fazarchiv.faz.net/faz-portal/faz-archiv?q=B%C3%BCrgergeld&source=&max=30&sort=&offset=270&_ts=1685371207396&DT_from=01.08.2022&DT_to=31.01.2023&timeFilterType=0#"
"62","FAZ","Bürgergeld","Scholz verteidigt Bürgergeld - Kritik von der Union",2022-10-31,10,2022,"https://fazarchiv.faz.net/faz-portal/faz-archiv?q=B%C3%BCrgergeld&source=&max=30&sort=&offset=270&_ts=1685371207396&DT_from=01.08.2022&DT_to=31.01.2023&timeFilterType=0#"
"63","FAZ","Bürgergeld","Koalition gerät wegen neuen Bürgergeldes unter Druck",2022-10-31,10,2022,"https://fazarchiv.faz.net/faz-portal/faz-archiv?q=B%C3%BCrgergeld&source=&max=30&sort=&offset=270&_ts=1685371207396&DT_from=01.08.2022&DT_to=31.01.2023&timeFilterType=0#"
"64","FAZ","Bürgergeld","Schmetterlinge im Bauch",2022-10-31,10,2022,"https://fazarchiv.faz.net/faz-portal/faz-archiv?q=B%C3%BCrgergeld&source=&max=30&sort=&offset=270&_ts=1685371207396&DT_from=01.08.2022&DT_to=31.01.2023&timeFilterType=0#"
"65","FAZ","Bürgergeld","Setzt sich die Gaspreiskommission gegen Habeck durch?",2022-10-31,10,2022,"https://fazarchiv.faz.net/faz-portal/faz-archiv?q=B%C3%BCrgergeld&source=&max=30&sort=&offset=270&_ts=1685371207396&DT_from=01.08.2022&DT_to=31.01.2023&timeFilterType=0#"
"66","FAZ","Bürgergeld","Setzt sich die Gaspreiskommission gegen Habeck durch?",2022-10-31,10,2022,"https://fazarchiv.faz.net/faz-portal/faz-archiv?q=B%C3%BCrgergeld&source=&max=30&sort=&offset=270&_ts=1685371207396&DT_from=01.08.2022&DT_to=31.01.2023&timeFilterType=0#"
"67","FAZ","Bürgergeld","Das Bürgergeld bringt die Jobcenter in Not",2022-10-30,10,2022,"https://fazarchiv.faz.net/faz-portal/faz-archiv?q=B%C3%BCrgergeld&source=&max=30&sort=&offset=270&_ts=1685371207396&DT_from=01.08.2022&DT_to=31.01.2023&timeFilterType=0#"
"68","FAZ","Bürgergeld","Das Bürgergeld bringt die Jobcenter in Not",2022-10-30,10,2022,"https://fazarchiv.faz.net/faz-portal/faz-archiv?q=B%C3%BCrgergeld&source=&max=30&sort=&offset=270&_ts=1685371207396&DT_from=01.08.2022&DT_to=31.01.2023&timeFilterType=0#"
"69","FAZ","Bürgergeld","Komplettes Klima-Neuland und ein Cannabis-Paradoxon",2022-10-29,10,2022,"https://fazarchiv.faz.net/faz-portal/faz-archiv?q=B%C3%BCrgergeld&source=&max=30&sort=&offset=270&_ts=1685371207396&DT_from=01.08.2022&DT_to=31.01.2023&timeFilterType=0#"
"70","FAZ","Bürgergeld","Irgendwie froh mit Grundsicherung",2022-10-27,10,2022,"https://fazarchiv.faz.net/faz-portal/faz-archiv?q=B%C3%BCrgergeld&source=&max=30&sort=&offset=270&_ts=1685371207396&DT_from=01.08.2022&DT_to=31.01.2023&timeFilterType=0#"
"71","FAZ","Bürgergeld","Leserbriefe vom 27. Oktober 2022",2022-10-27,10,2022,"https://fazarchiv.faz.net/faz-portal/faz-archiv?q=B%C3%BCrgergeld&source=&max=30&sort=&offset=270&_ts=1685371207396&DT_from=01.08.2022&DT_to=31.01.2023&timeFilterType=0#"
"72","FAZ","Bürgergeld","Grenzen der Zeitenwende",2022-10-25,10,2022,"https://fazarchiv.faz.net/faz-portal/faz-archiv?q=B%C3%BCrgergeld&source=&max=30&sort=&offset=270&_ts=1685371207396&DT_from=01.08.2022&DT_to=31.01.2023&timeFilterType=0#"
"73","FAZ","Bürgergeld","Italien muss sich keine Lektionen erteilen lassen",2022-10-25,10,2022,"https://fazarchiv.faz.net/faz-portal/faz-archiv?q=B%C3%BCrgergeld&source=&max=30&sort=&offset=270&_ts=1685371207396&DT_from=01.08.2022&DT_to=31.01.2023&timeFilterType=0#"
"74","FAZ","Bürgergeld","Die Grenzen der Zeitenwende",2022-10-24,10,2022,"https://fazarchiv.faz.net/faz-portal/faz-archiv?q=B%C3%BCrgergeld&source=&max=30&sort=&offset=270&_ts=1685371207396&DT_from=01.08.2022&DT_to=31.01.2023&timeFilterType=0#"
"75","FAZ","Bürgergeld","Die Grenzen der Zeitenwende",2022-10-24,10,2022,"https://fazarchiv.faz.net/faz-portal/faz-archiv?q=B%C3%BCrgergeld&source=&max=30&sort=&offset=270&_ts=1685371207396&DT_from=01.08.2022&DT_to=31.01.2023&timeFilterType=0#"
"76","FAZ","Bürgergeld","Die Zeit der Überschüsse ist vorbei",2022-10-20,10,2022,"https://fazarchiv.faz.net/faz-portal/faz-archiv?q=B%C3%BCrgergeld&source=&max=30&sort=&offset=270&_ts=1685371207396&DT_from=01.08.2022&DT_to=31.01.2023&timeFilterType=0#"
"77","FAZ","Bürgergeld","#229: Bringt die Strafverschärfung bei der Kinderpornographie Unschuldige vor Gericht?",2022-10-19,10,2022,"https://fazarchiv.faz.net/faz-portal/faz-archiv?q=B%C3%BCrgergeld&source=&max=30&sort=&offset=270&_ts=1685371207396&DT_from=01.08.2022&DT_to=31.01.2023&timeFilterType=0#"
"78","FAZ","Bürgergeld","Rechnungshof zerpflückt geplante Bürgergeld-Reform",2022-10-18,10,2022,"https://fazarchiv.faz.net/faz-portal/faz-archiv?q=B%C3%BCrgergeld&source=&max=30&sort=&offset=270&_ts=1685371207396&DT_from=01.08.2022&DT_to=31.01.2023&timeFilterType=0#"
"79","FAZ","Bürgergeld","Rechnungshof warnt vor Bürgergeld-Missbrauch",2022-10-17,10,2022,"https://fazarchiv.faz.net/faz-portal/faz-archiv?q=B%C3%BCrgergeld&source=&max=30&sort=&offset=270&_ts=1685371207396&DT_from=01.08.2022&DT_to=31.01.2023&timeFilterType=0#"
"80","FAZ","Bürgergeld","Rechnungshof warnt vor Bürgergeld-Missbrauch",2022-10-17,10,2022,"https://fazarchiv.faz.net/faz-portal/faz-archiv?q=B%C3%BCrgergeld&source=&max=30&sort=&offset=270&_ts=1685371207396&DT_from=01.08.2022&DT_to=31.01.2023&timeFilterType=0#"
"81","FAZ","Bürgergeld","Wenn der Bäcker für das Brot sieben Euro nimmt",2022-10-17,10,2022,"https://fazarchiv.faz.net/faz-portal/faz-archiv?q=B%C3%BCrgergeld&source=&max=30&sort=&offset=270&_ts=1685371207396&DT_from=01.08.2022&DT_to=31.01.2023&timeFilterType=0#"
"82","FAZ","Bürgergeld","Wenn der Bäcker für das Brot sieben Euro nimmt",2022-10-17,10,2022,"https://fazarchiv.faz.net/faz-portal/faz-archiv?q=B%C3%BCrgergeld&source=&max=30&sort=&offset=270&_ts=1685371207396&DT_from=01.08.2022&DT_to=31.01.2023&timeFilterType=0#"
"83","FAZ","Bürgergeld","Schlagabtausch über Bürgergeld",2022-10-14,10,2022,"https://fazarchiv.faz.net/faz-portal/faz-archiv?q=B%C3%BCrgergeld&source=&max=30&sort=&offset=270&_ts=1685371207396&DT_from=01.08.2022&DT_to=31.01.2023&timeFilterType=0#"
"84","FAZ","Bürgergeld","Wie weit sind die Ermittlungen zu Gräueltaten?",2022-10-13,10,2022,"https://fazarchiv.faz.net/faz-portal/faz-archiv?q=B%C3%BCrgergeld&source=&max=30&sort=&offset=270&_ts=1685371207396&DT_from=01.08.2022&DT_to=31.01.2023&timeFilterType=0#"
"85","FAZ","Bürgergeld","Die Kommunen sind am Limit",2022-10-12,10,2022,"https://fazarchiv.faz.net/faz-portal/faz-archiv?q=B%C3%BCrgergeld&source=&max=30&sort=&offset=270&_ts=1685371207396&DT_from=01.08.2022&DT_to=31.01.2023&timeFilterType=0#"
"86","FAZ","Bürgergeld","Die Kommunen sind am Limit - und nun?",2022-10-11,10,2022,"https://fazarchiv.faz.net/faz-portal/faz-archiv?q=B%C3%BCrgergeld&source=&max=30&sort=&offset=270&_ts=1685371207396&DT_from=01.08.2022&DT_to=31.01.2023&timeFilterType=0#"
"87","FAZ","Bürgergeld","Die Kommunen sind am Limit - und nun?",2022-10-11,10,2022,"https://fazarchiv.faz.net/faz-portal/faz-archiv?q=B%C3%BCrgergeld&source=&max=30&sort=&offset=270&_ts=1685371207396&DT_from=01.08.2022&DT_to=31.01.2023&timeFilterType=0#"
"88","FAZ","Bürgergeld","Guten Morgen!",2022-10-11,10,2022,"https://fazarchiv.faz.net/faz-portal/faz-archiv?q=B%C3%BCrgergeld&source=&max=30&sort=&offset=270&_ts=1685371207396&DT_from=01.08.2022&DT_to=31.01.2023&timeFilterType=0#"
"89","FAZ","Bürgergeld","Zeit für eine Vermittlung",2022-11-10,11,2022,"https://fazarchiv.faz.net/faz-portal/faz-archiv?q=B%C3%BCrgergeld&source=&max=30&sort=&offset=240&_ts=1685371207396&DT_from=01.08.2022&DT_to=31.01.2023&timeFilterType=0#"
"90","FAZ","Bürgergeld","Der Bundestag stimmt für das Bürgergeld",2022-11-10,11,2022,"https://fazarchiv.faz.net/faz-portal/faz-archiv?q=B%C3%BCrgergeld&source=&max=30&sort=&offset=240&_ts=1685371207396&DT_from=01.08.2022&DT_to=31.01.2023&timeFilterType=0#"
"91","FAZ","Bürgergeld","Die Ampel will nicht nur Krisenreaktionstruppe sein",2022-11-10,11,2022,"https://fazarchiv.faz.net/faz-portal/faz-archiv?q=B%C3%BCrgergeld&source=&max=30&sort=&offset=240&_ts=1685371207396&DT_from=01.08.2022&DT_to=31.01.2023&timeFilterType=0#"
"92","FAZ","Bürgergeld","Liebe Leserin, lieber Leser,",2022-11-10,11,2022,"https://fazarchiv.faz.net/faz-portal/faz-archiv?q=B%C3%BCrgergeld&source=&max=30&sort=&offset=240&_ts=1685371207396&DT_from=01.08.2022&DT_to=31.01.2023&timeFilterType=0#"
"93","FAZ","Bürgergeld","Den Ausgleich der kalten Progression verschieben",2022-11-10,11,2022,"https://fazarchiv.faz.net/faz-portal/faz-archiv?q=B%C3%BCrgergeld&source=&max=30&sort=&offset=240&_ts=1685371207396&DT_from=01.08.2022&DT_to=31.01.2023&timeFilterType=0#"
"94","FAZ","Bürgergeld","Den Ausgleich der kalten Progression verschieben",2022-11-09,11,2022,"https://fazarchiv.faz.net/faz-portal/faz-archiv?q=B%C3%BCrgergeld&source=&max=30&sort=&offset=240&_ts=1685371207396&DT_from=01.08.2022&DT_to=31.01.2023&timeFilterType=0#"
"95","FAZ","Bürgergeld","Das Bürgergeld muss korrigiert werden",2022-11-08,11,2022,"https://fazarchiv.faz.net/faz-portal/faz-archiv?q=B%C3%BCrgergeld&source=&max=30&sort=&offset=240&_ts=1685371207396&DT_from=01.08.2022&DT_to=31.01.2023&timeFilterType=0#"
"96","FAZ","Bürgergeld","Verhindert die Union das Bürgergeld?",2022-11-08,11,2022,"https://fazarchiv.faz.net/faz-portal/faz-archiv?q=B%C3%BCrgergeld&source=&max=30&sort=&offset=240&_ts=1685371207396&DT_from=01.08.2022&DT_to=31.01.2023&timeFilterType=0#"
"97","FAZ","Bürgergeld","Ampel lehnt Bürgergeld-Vorstoß der Union ab",2022-11-08,11,2022,"https://fazarchiv.faz.net/faz-portal/faz-archiv?q=B%C3%BCrgergeld&source=&max=30&sort=&offset=240&_ts=1685371207396&DT_from=01.08.2022&DT_to=31.01.2023&timeFilterType=0#"
"98","FAZ","Bürgergeld","Verhindert die Union das Bürgergeld?",2022-11-08,11,2022,"https://fazarchiv.faz.net/faz-portal/faz-archiv?q=B%C3%BCrgergeld&source=&max=30&sort=&offset=240&_ts=1685371207396&DT_from=01.08.2022&DT_to=31.01.2023&timeFilterType=0#"
"99","FAZ","Bürgergeld","Lohnt sich Arbeit künftig noch?",2022-11-08,11,2022,"https://fazarchiv.faz.net/faz-portal/faz-archiv?q=B%C3%BCrgergeld&source=&max=30&sort=&offset=240&_ts=1685371207396&DT_from=01.08.2022&DT_to=31.01.2023&timeFilterType=0#"
"100","FAZ","Bürgergeld","Guten Morgen!",2022-11-08,11,2022,"https://fazarchiv.faz.net/faz-portal/faz-archiv?q=B%C3%BCrgergeld&source=&max=30&sort=&offset=240&_ts=1685371207396&DT_from=01.08.2022&DT_to=31.01.2023&timeFilterType=0#"
"101","FAZ","Bürgergeld","Hoffnungen und Illusionen vor den Midterms • Neues von der Weltklimakonferenz • Lohnt sich Arbeit künftig noch?",2022-11-08,11,2022,"https://fazarchiv.faz.net/faz-portal/faz-archiv?q=B%C3%BCrgergeld&source=&max=30&sort=&offset=240&_ts=1685371207396&DT_from=01.08.2022&DT_to=31.01.2023&timeFilterType=0#"
"102","FAZ","Bürgergeld","Das Geld der Bürger und das Bürgergeld",2022-11-07,11,2022,"https://fazarchiv.faz.net/faz-portal/faz-archiv?q=B%C3%BCrgergeld&source=&max=30&sort=&offset=240&_ts=1685371207396&DT_from=01.08.2022&DT_to=31.01.2023&timeFilterType=0#"
"103","FAZ","Bürgergeld","Union kritisiert Bürgergeld trotz Nachbesserungen",2022-11-07,11,2022,"https://fazarchiv.faz.net/faz-portal/faz-archiv?q=B%C3%BCrgergeld&source=&max=30&sort=&offset=240&_ts=1685371207396&DT_from=01.08.2022&DT_to=31.01.2023&timeFilterType=0#"
"104","FAZ","Bürgergeld","Lohnt sich Arbeit künftig noch?",2022-11-07,11,2022,"https://fazarchiv.faz.net/faz-portal/faz-archiv?q=B%C3%BCrgergeld&source=&max=30&sort=&offset=240&_ts=1685371207396&DT_from=01.08.2022&DT_to=31.01.2023&timeFilterType=0#"
"105","FAZ","Bürgergeld","Das Bürgergeld muss korrigiert werden",2022-11-07,11,2022,"https://fazarchiv.faz.net/faz-portal/faz-archiv?q=B%C3%BCrgergeld&source=&max=30&sort=&offset=240&_ts=1685371207396&DT_from=01.08.2022&DT_to=31.01.2023&timeFilterType=0#"
"106","FAZ","Bürgergeld","Lohnt sich Arbeit künftig noch?",2022-11-07,11,2022,"https://fazarchiv.faz.net/faz-portal/faz-archiv?q=B%C3%BCrgergeld&source=&max=30&sort=&offset=240&_ts=1685371207396&DT_from=01.08.2022&DT_to=31.01.2023&timeFilterType=0#"
"107","FAZ","Bürgergeld","Das Bürgergeld muss korrigiert werden",2022-11-07,11,2022,"https://fazarchiv.faz.net/faz-portal/faz-archiv?q=B%C3%BCrgergeld&source=&max=30&sort=&offset=240&_ts=1685371207396&DT_from=01.08.2022&DT_to=31.01.2023&timeFilterType=0#"
"108","FAZ","Bürgergeld","Leserbriefe vom 7. November 2022",2022-11-07,11,2022,"https://fazarchiv.faz.net/faz-portal/faz-archiv?q=B%C3%BCrgergeld&source=&max=30&sort=&offset=240&_ts=1685371207396&DT_from=01.08.2022&DT_to=31.01.2023&timeFilterType=0#"
"109","FAZ","Bürgergeld","Der Gewiefte",2022-11-06,11,2022,"https://fazarchiv.faz.net/faz-portal/faz-archiv?q=B%C3%BCrgergeld&source=&max=30&sort=&offset=240&_ts=1685371207396&DT_from=01.08.2022&DT_to=31.01.2023&timeFilterType=0#"
"110","FAZ","Bürgergeld","SURFER IM SOZIALSYSTEM",2022-11-06,11,2022,"https://fazarchiv.faz.net/faz-portal/faz-archiv?q=B%C3%BCrgergeld&source=&max=30&sort=&offset=240&_ts=1685371207396&DT_from=01.08.2022&DT_to=31.01.2023&timeFilterType=0#"
"111","FAZ","Bürgergeld","Arbeitsminister Heil wirbt bei Union für Bürgergeld",2022-11-05,11,2022,"https://fazarchiv.faz.net/faz-portal/faz-archiv?q=B%C3%BCrgergeld&source=&max=30&sort=&offset=240&_ts=1685371207396&DT_from=01.08.2022&DT_to=31.01.2023&timeFilterType=0#"
"112","FAZ","Bürgergeld","Lindner warnt Union vor Schäbigkeitswettbewerb",2022-11-05,11,2022,"https://fazarchiv.faz.net/faz-portal/faz-archiv?q=B%C3%BCrgergeld&source=&max=30&sort=&offset=240&_ts=1685371207396&DT_from=01.08.2022&DT_to=31.01.2023&timeFilterType=0#"
"113","FAZ","Bürgergeld","Heil geht beim Bürgergeld auf die Union zu",2022-11-04,11,2022,"https://fazarchiv.faz.net/faz-portal/faz-archiv?q=B%C3%BCrgergeld&source=&max=30&sort=&offset=240&_ts=1685371207396&DT_from=01.08.2022&DT_to=31.01.2023&timeFilterType=0#"
"114","FAZ","Bürgergeld","Die Tricks von Mister Bürgergeld",2022-11-04,11,2022,"https://fazarchiv.faz.net/faz-portal/faz-archiv?q=B%C3%BCrgergeld&source=&max=30&sort=&offset=240&_ts=1685371207396&DT_from=01.08.2022&DT_to=31.01.2023&timeFilterType=0#"
"115","FAZ","Bürgergeld","Die Tricks von Mister Bürgergeld",2022-11-04,11,2022,"https://fazarchiv.faz.net/faz-portal/faz-archiv?q=B%C3%BCrgergeld&source=&max=30&sort=&offset=240&_ts=1685371207396&DT_from=01.08.2022&DT_to=31.01.2023&timeFilterType=0#"
"116","FAZ","Bürgergeld","Im Schlaraffenland",2022-11-04,11,2022,"https://fazarchiv.faz.net/faz-portal/faz-archiv?q=B%C3%BCrgergeld&source=&max=30&sort=&offset=240&_ts=1685371207396&DT_from=01.08.2022&DT_to=31.01.2023&timeFilterType=0#"
"117","FAZ","Bürgergeld","Mahnerin Nahles",2022-11-03,11,2022,"https://fazarchiv.faz.net/faz-portal/faz-archiv?q=B%C3%BCrgergeld&source=&max=30&sort=&offset=240&_ts=1685371207396&DT_from=01.08.2022&DT_to=31.01.2023&timeFilterType=0#"
"118","FAZ","Bürgergeld","Erste Kratzer am Arbeitsmarkt",2022-11-03,11,2022,"https://fazarchiv.faz.net/faz-portal/faz-archiv?q=B%C3%BCrgergeld&source=&max=30&sort=&offset=240&_ts=1685371207396&DT_from=01.08.2022&DT_to=31.01.2023&timeFilterType=0#"
"119","FAZ","Bürgergeld","Wann kommt das neue Bürgergeld?",2022-11-14,11,2022,"https://fazarchiv.faz.net/faz-portal/faz-archiv?q=B%C3%BCrgergeld&source=&max=30&sort=&offset=210&_ts=1685371207396&DT_from=01.08.2022&DT_to=31.01.2023&timeFilterType=0#"
"120","FAZ","Bürgergeld","Das sind die Streitpunkte beim geplanten Bürgergeld",2022-11-14,11,2022,"https://fazarchiv.faz.net/faz-portal/faz-archiv?q=B%C3%BCrgergeld&source=&max=30&sort=&offset=210&_ts=1685371207396&DT_from=01.08.2022&DT_to=31.01.2023&timeFilterType=0#"
"121","FAZ","Bürgergeld","Bundesrat lehnt Bürgergeld-Reform der Ampel ab",2022-11-14,11,2022,"https://fazarchiv.faz.net/faz-portal/faz-archiv?q=B%C3%BCrgergeld&source=&max=30&sort=&offset=210&_ts=1685371207396&DT_from=01.08.2022&DT_to=31.01.2023&timeFilterType=0#"
"122","FAZ","Bürgergeld","Die Suche nach einem Kompromiss beginnt",2022-11-14,11,2022,"https://fazarchiv.faz.net/faz-portal/faz-archiv?q=B%C3%BCrgergeld&source=&max=30&sort=&offset=210&_ts=1685371207396&DT_from=01.08.2022&DT_to=31.01.2023&timeFilterType=0#"
"123","FAZ","Bürgergeld","Wie die Sozialpolitik die Flüchtlinge ausblendet",2022-11-14,11,2022,"https://fazarchiv.faz.net/faz-portal/faz-archiv?q=B%C3%BCrgergeld&source=&max=30&sort=&offset=210&_ts=1685371207396&DT_from=01.08.2022&DT_to=31.01.2023&timeFilterType=0#"
"124","FAZ","Bürgergeld","Minijob sticht Vollzeitarbeit",2022-11-14,11,2022,"https://fazarchiv.faz.net/faz-portal/faz-archiv?q=B%C3%BCrgergeld&source=&max=30&sort=&offset=210&_ts=1685371207396&DT_from=01.08.2022&DT_to=31.01.2023&timeFilterType=0#"
"125","FAZ","Bürgergeld","Die Suche nach einem Kompromiss beginnt",2022-11-14,11,2022,"https://fazarchiv.faz.net/faz-portal/faz-archiv?q=B%C3%BCrgergeld&source=&max=30&sort=&offset=210&_ts=1685371207396&DT_from=01.08.2022&DT_to=31.01.2023&timeFilterType=0#"
"126","FAZ","Bürgergeld","Wie die Sozialpolitik die Flüchtlinge ausblendet",2022-11-14,11,2022,"https://fazarchiv.faz.net/faz-portal/faz-archiv?q=B%C3%BCrgergeld&source=&max=30&sort=&offset=210&_ts=1685371207396&DT_from=01.08.2022&DT_to=31.01.2023&timeFilterType=0#"
"127","FAZ","Bürgergeld","Bundesrat lehnt Bürgergeld-Reform der Ampel ab",2022-11-14,11,2022,"https://fazarchiv.faz.net/faz-portal/faz-archiv?q=B%C3%BCrgergeld&source=&max=30&sort=&offset=210&_ts=1685371207396&DT_from=01.08.2022&DT_to=31.01.2023&timeFilterType=0#"
"128","FAZ","Bürgergeld","Wie die Sozialpolitik Flüchtlinge ausblendet",2022-11-14,11,2022,"https://fazarchiv.faz.net/faz-portal/faz-archiv?q=B%C3%BCrgergeld&source=&max=30&sort=&offset=210&_ts=1685371207396&DT_from=01.08.2022&DT_to=31.01.2023&timeFilterType=0#"
"129","FAZ","Bürgergeld","Kompromissloser Streit über Bürgergeldreform",2022-11-14,11,2022,"https://fazarchiv.faz.net/faz-portal/faz-archiv?q=B%C3%BCrgergeld&source=&max=30&sort=&offset=210&_ts=1685371207396&DT_from=01.08.2022&DT_to=31.01.2023&timeFilterType=0#"
"130","FAZ","Bürgergeld","Streit ums Bürgergeld &#8226, Scholz und Biden in Asien &#8226, Cherson feiert Befreiung",2022-11-14,11,2022,"https://fazarchiv.faz.net/faz-portal/faz-archiv?q=B%C3%BCrgergeld&source=&max=30&sort=&offset=210&_ts=1685371207396&DT_from=01.08.2022&DT_to=31.01.2023&timeFilterType=0#"
"131","FAZ","Bürgergeld","Hilfreicher Streit ums Bürgergeld",2022-11-13,11,2022,"https://fazarchiv.faz.net/faz-portal/faz-archiv?q=B%C3%BCrgergeld&source=&max=30&sort=&offset=210&_ts=1685371207396&DT_from=01.08.2022&DT_to=31.01.2023&timeFilterType=0#"
"132","FAZ","Bürgergeld","Söder: Bürgergeld ist sozial ungerecht und unfair",2022-11-13,11,2022,"https://fazarchiv.faz.net/faz-portal/faz-archiv?q=B%C3%BCrgergeld&source=&max=30&sort=&offset=210&_ts=1685371207396&DT_from=01.08.2022&DT_to=31.01.2023&timeFilterType=0#"
"133","FAZ","Bürgergeld","Söder: Bürgergeld ist sozial ungerecht und unfair",2022-11-13,11,2022,"https://fazarchiv.faz.net/faz-portal/faz-archiv?q=B%C3%BCrgergeld&source=&max=30&sort=&offset=210&_ts=1685371207396&DT_from=01.08.2022&DT_to=31.01.2023&timeFilterType=0#"
"134","FAZ","Bürgergeld","Gut, dass ums Bürgergeld gestritten wird",2022-11-12,11,2022,"https://fazarchiv.faz.net/faz-portal/faz-archiv?q=B%C3%BCrgergeld&source=&max=30&sort=&offset=210&_ts=1685371207396&DT_from=01.08.2022&DT_to=31.01.2023&timeFilterType=0#"
"135","FAZ","Bürgergeld","Gut, dass ums Bürgergeld gestritten wird",2022-11-12,11,2022,"https://fazarchiv.faz.net/faz-portal/faz-archiv?q=B%C3%BCrgergeld&source=&max=30&sort=&offset=210&_ts=1685371207396&DT_from=01.08.2022&DT_to=31.01.2023&timeFilterType=0#"
"136","FAZ","Bürgergeld","Merz sieht kaum Raum für Kompromisse",2022-11-12,11,2022,"https://fazarchiv.faz.net/faz-portal/faz-archiv?q=B%C3%BCrgergeld&source=&max=30&sort=&offset=210&_ts=1685371207396&DT_from=01.08.2022&DT_to=31.01.2023&timeFilterType=0#"
"137","FAZ","Bürgergeld","Schuldenbremse zieht wieder",2022-11-12,11,2022,"https://fazarchiv.faz.net/faz-portal/faz-archiv?q=B%C3%BCrgergeld&source=&max=30&sort=&offset=210&_ts=1685371207396&DT_from=01.08.2022&DT_to=31.01.2023&timeFilterType=0#"
"138","FAZ","Bürgergeld","Bürgergeld statt Doppelwumms",2022-11-11,11,2022,"https://fazarchiv.faz.net/faz-portal/faz-archiv?q=B%C3%BCrgergeld&source=&max=30&sort=&offset=210&_ts=1685371207396&DT_from=01.08.2022&DT_to=31.01.2023&timeFilterType=0#"
"139","FAZ","Bürgergeld","Bürgergeld ohne Blauäugigkeit",2022-11-11,11,2022,"https://fazarchiv.faz.net/faz-portal/faz-archiv?q=B%C3%BCrgergeld&source=&max=30&sort=&offset=210&_ts=1685371207396&DT_from=01.08.2022&DT_to=31.01.2023&timeFilterType=0#"
"140","FAZ","Bürgergeld","Bürgergeld ohne Blauäugigkeit",2022-11-11,11,2022,"https://fazarchiv.faz.net/faz-portal/faz-archiv?q=B%C3%BCrgergeld&source=&max=30&sort=&offset=210&_ts=1685371207396&DT_from=01.08.2022&DT_to=31.01.2023&timeFilterType=0#"
"141","FAZ","Bürgergeld","Bundestag beschließt größte Sozialreform in zwei Jahrzehnten",2022-11-11,11,2022,"https://fazarchiv.faz.net/faz-portal/faz-archiv?q=B%C3%BCrgergeld&source=&max=30&sort=&offset=210&_ts=1685371207396&DT_from=01.08.2022&DT_to=31.01.2023&timeFilterType=0#"
"142","FAZ","Bürgergeld","Bürgergeld ohne Blauäugigkeit",2022-11-11,11,2022,"https://fazarchiv.faz.net/faz-portal/faz-archiv?q=B%C3%BCrgergeld&source=&max=30&sort=&offset=210&_ts=1685371207396&DT_from=01.08.2022&DT_to=31.01.2023&timeFilterType=0#"
"143","FAZ","Bürgergeld","Söder kündigt Blockade des Bürgergelds an",2022-11-11,11,2022,"https://fazarchiv.faz.net/faz-portal/faz-archiv?q=B%C3%BCrgergeld&source=&max=30&sort=&offset=210&_ts=1685371207396&DT_from=01.08.2022&DT_to=31.01.2023&timeFilterType=0#"
"144","FAZ","Bürgergeld","Die Schuldenbremse zieht wieder",2022-11-11,11,2022,"https://fazarchiv.faz.net/faz-portal/faz-archiv?q=B%C3%BCrgergeld&source=&max=30&sort=&offset=210&_ts=1685371207396&DT_from=01.08.2022&DT_to=31.01.2023&timeFilterType=0#"
"145","FAZ","Bürgergeld","Zeit für eine Vermittlung",2022-11-11,11,2022,"https://fazarchiv.faz.net/faz-portal/faz-archiv?q=B%C3%BCrgergeld&source=&max=30&sort=&offset=210&_ts=1685371207396&DT_from=01.08.2022&DT_to=31.01.2023&timeFilterType=0#"
"146","FAZ","Bürgergeld","Die Schuldenbremse zieht wieder",2022-11-11,11,2022,"https://fazarchiv.faz.net/faz-portal/faz-archiv?q=B%C3%BCrgergeld&source=&max=30&sort=&offset=210&_ts=1685371207396&DT_from=01.08.2022&DT_to=31.01.2023&timeFilterType=0#"
"147","FAZ","Bürgergeld","Der Bundestag stimmt für das Bürgergeld",2022-11-10,11,2022,"https://fazarchiv.faz.net/faz-portal/faz-archiv?q=B%C3%BCrgergeld&source=&max=30&sort=&offset=210&_ts=1685371207396&DT_from=01.08.2022&DT_to=31.01.2023&timeFilterType=0#"
"148","FAZ","Bürgergeld","Die Ampel will nicht nur Krisenreaktionstruppe sein",2022-11-10,11,2022,"https://fazarchiv.faz.net/faz-portal/faz-archiv?q=B%C3%BCrgergeld&source=&max=30&sort=&offset=210&_ts=1685371207396&DT_from=01.08.2022&DT_to=31.01.2023&timeFilterType=0#"
"149","FAZ","Bürgergeld","Deutschland lockert, Frankreich und Italien machen Druck",2022-11-18,11,2022,"https://fazarchiv.faz.net/faz-portal/faz-archiv?q=B%C3%BCrgergeld&source=&max=30&sort=&offset=180&_ts=1685371207396&DT_from=01.08.2022&DT_to=31.01.2023&timeFilterType=0#"
"150","FAZ","Bürgergeld","Thomas Huber statt Thomas Huber",2022-11-18,11,2022,"https://fazarchiv.faz.net/faz-portal/faz-archiv?q=B%C3%BCrgergeld&source=&max=30&sort=&offset=180&_ts=1685371207396&DT_from=01.08.2022&DT_to=31.01.2023&timeFilterType=0#"
"151","FAZ","Bürgergeld","Merz und das soziale Gewissen",2022-11-18,11,2022,"https://fazarchiv.faz.net/faz-portal/faz-archiv?q=B%C3%BCrgergeld&source=&max=30&sort=&offset=180&_ts=1685371207396&DT_from=01.08.2022&DT_to=31.01.2023&timeFilterType=0#"
"152","FAZ","Bürgergeld","Thomas Huber statt Thomas Huber",2022-11-18,11,2022,"https://fazarchiv.faz.net/faz-portal/faz-archiv?q=B%C3%BCrgergeld&source=&max=30&sort=&offset=180&_ts=1685371207396&DT_from=01.08.2022&DT_to=31.01.2023&timeFilterType=0#"
"153","FAZ","Bürgergeld","Deutschland lockert, Frankreich und Italien machen Druck",2022-11-18,11,2022,"https://fazarchiv.faz.net/faz-portal/faz-archiv?q=B%C3%BCrgergeld&source=&max=30&sort=&offset=180&_ts=1685371207396&DT_from=01.08.2022&DT_to=31.01.2023&timeFilterType=0#"
"154","FAZ","Bürgergeld","Ungeahnte Kriegsfolgen",2022-11-18,11,2022,"https://fazarchiv.faz.net/faz-portal/faz-archiv?q=B%C3%BCrgergeld&source=&max=30&sort=&offset=180&_ts=1685371207396&DT_from=01.08.2022&DT_to=31.01.2023&timeFilterType=0#"
"155","FAZ","Bürgergeld","Den Sozialstaat nicht zum Sozialfall machen",2022-11-18,11,2022,"https://fazarchiv.faz.net/faz-portal/faz-archiv?q=B%C3%BCrgergeld&source=&max=30&sort=&offset=180&_ts=1685371207396&DT_from=01.08.2022&DT_to=31.01.2023&timeFilterType=0#"
"156","FAZ","Bürgergeld","Der Teufel steckt nicht nur im Detail",2022-11-18,11,2022,"https://fazarchiv.faz.net/faz-portal/faz-archiv?q=B%C3%BCrgergeld&source=&max=30&sort=&offset=180&_ts=1685371207396&DT_from=01.08.2022&DT_to=31.01.2023&timeFilterType=0#"
"157","FAZ","Bürgergeld","Operation Zwitschervogel",2022-11-18,11,2022,"https://fazarchiv.faz.net/faz-portal/faz-archiv?q=B%C3%BCrgergeld&source=&max=30&sort=&offset=180&_ts=1685371207396&DT_from=01.08.2022&DT_to=31.01.2023&timeFilterType=0#"
"158","FAZ","Bürgergeld","Plötzlich mächtig",2022-11-18,11,2022,"https://fazarchiv.faz.net/faz-portal/faz-archiv?q=B%C3%BCrgergeld&source=&max=30&sort=&offset=180&_ts=1685371207396&DT_from=01.08.2022&DT_to=31.01.2023&timeFilterType=0#"
"159","FAZ","Bürgergeld","Operation Zwitschervogel",2022-11-18,11,2022,"https://fazarchiv.faz.net/faz-portal/faz-archiv?q=B%C3%BCrgergeld&source=&max=30&sort=&offset=180&_ts=1685371207396&DT_from=01.08.2022&DT_to=31.01.2023&timeFilterType=0#"
"160","FAZ","Bürgergeld","Der Staat ist keine offene Zapfsäule",2022-11-17,11,2022,"https://fazarchiv.faz.net/faz-portal/faz-archiv?q=B%C3%BCrgergeld&source=&max=30&sort=&offset=180&_ts=1685371207396&DT_from=01.08.2022&DT_to=31.01.2023&timeFilterType=0#"
"161","FAZ","Bürgergeld","Die Sehnsucht nach dem Vermittlungsausschuss",2022-11-17,11,2022,"https://fazarchiv.faz.net/faz-portal/faz-archiv?q=B%C3%BCrgergeld&source=&max=30&sort=&offset=180&_ts=1685371207396&DT_from=01.08.2022&DT_to=31.01.2023&timeFilterType=0#"
"162","FAZ","Bürgergeld","Blockade im Bundesrat gerechtfertigt",2022-11-17,11,2022,"https://fazarchiv.faz.net/faz-portal/faz-archiv?q=B%C3%BCrgergeld&source=&max=30&sort=&offset=180&_ts=1685371207396&DT_from=01.08.2022&DT_to=31.01.2023&timeFilterType=0#"
"163","FAZ","Bürgergeld","Offene Zapfsäule?",2022-11-17,11,2022,"https://fazarchiv.faz.net/faz-portal/faz-archiv?q=B%C3%BCrgergeld&source=&max=30&sort=&offset=180&_ts=1685371207396&DT_from=01.08.2022&DT_to=31.01.2023&timeFilterType=0#"
"164","FAZ","Bürgergeld","Leserbriefe vom 17. November 2022",2022-11-17,11,2022,"https://fazarchiv.faz.net/faz-portal/faz-archiv?q=B%C3%BCrgergeld&source=&max=30&sort=&offset=180&_ts=1685371207396&DT_from=01.08.2022&DT_to=31.01.2023&timeFilterType=0#"
"165","FAZ","Bürgergeld","Operation Zwitschervogel",2022-11-17,11,2022,"https://fazarchiv.faz.net/faz-portal/faz-archiv?q=B%C3%BCrgergeld&source=&max=30&sort=&offset=180&_ts=1685371207396&DT_from=01.08.2022&DT_to=31.01.2023&timeFilterType=0#"
"166","FAZ","Bürgergeld","Die Sehnsucht der Liberalen nach dem Vermittlungsausschuss",2022-11-16,11,2022,"https://fazarchiv.faz.net/faz-portal/faz-archiv?q=B%C3%BCrgergeld&source=&max=30&sort=&offset=180&_ts=1685371207396&DT_from=01.08.2022&DT_to=31.01.2023&timeFilterType=0#"
"167","FAZ","Bürgergeld","Die Sehnsucht der Liberalen nach dem Vermittlungsausschuss",2022-11-16,11,2022,"https://fazarchiv.faz.net/faz-portal/faz-archiv?q=B%C3%BCrgergeld&source=&max=30&sort=&offset=180&_ts=1685371207396&DT_from=01.08.2022&DT_to=31.01.2023&timeFilterType=0#"
"168","FAZ","Bürgergeld","Feixen",2022-11-16,11,2022,"https://fazarchiv.faz.net/faz-portal/faz-archiv?q=B%C3%BCrgergeld&source=&max=30&sort=&offset=180&_ts=1685371207396&DT_from=01.08.2022&DT_to=31.01.2023&timeFilterType=0#"
"169","FAZ","Bürgergeld","Sorge vor Eskalation: Rakete trifft Polen • Trump will es nochmal wissen • Ende für Corona-Isolation",2022-11-16,11,2022,"https://fazarchiv.faz.net/faz-portal/faz-archiv?q=B%C3%BCrgergeld&source=&max=30&sort=&offset=180&_ts=1685371207396&DT_from=01.08.2022&DT_to=31.01.2023&timeFilterType=0#"
"170","FAZ","Bürgergeld","Die Ruhe nach dem Getöse",2022-11-15,11,2022,"https://fazarchiv.faz.net/faz-portal/faz-archiv?q=B%C3%BCrgergeld&source=&max=30&sort=&offset=180&_ts=1685371207396&DT_from=01.08.2022&DT_to=31.01.2023&timeFilterType=0#"
"171","FAZ","Bürgergeld","Minijob sticht Vollzeitarbeit",2022-11-15,11,2022,"https://fazarchiv.faz.net/faz-portal/faz-archiv?q=B%C3%BCrgergeld&source=&max=30&sort=&offset=180&_ts=1685371207396&DT_from=01.08.2022&DT_to=31.01.2023&timeFilterType=0#"
"172","FAZ","Bürgergeld","Wenn wir nicht aufpassen, haben wir immer mehr Proteste",2022-11-15,11,2022,"https://fazarchiv.faz.net/faz-portal/faz-archiv?q=B%C3%BCrgergeld&source=&max=30&sort=&offset=180&_ts=1685371207396&DT_from=01.08.2022&DT_to=31.01.2023&timeFilterType=0#"
"173","FAZ","Bürgergeld","Der feixende Friedrich Merz feixt nicht",2022-11-15,11,2022,"https://fazarchiv.faz.net/faz-portal/faz-archiv?q=B%C3%BCrgergeld&source=&max=30&sort=&offset=180&_ts=1685371207396&DT_from=01.08.2022&DT_to=31.01.2023&timeFilterType=0#"
"174","FAZ","Bürgergeld","Heil hofft auf Start des Bürgergeldes im Januar",2022-11-15,11,2022,"https://fazarchiv.faz.net/faz-portal/faz-archiv?q=B%C3%BCrgergeld&source=&max=30&sort=&offset=180&_ts=1685371207396&DT_from=01.08.2022&DT_to=31.01.2023&timeFilterType=0#"
"175","FAZ","Bürgergeld","Auf der Welt leben jetzt 8.000.000.000 Menschen",2022-11-15,11,2022,"https://fazarchiv.faz.net/faz-portal/faz-archiv?q=B%C3%BCrgergeld&source=&max=30&sort=&offset=180&_ts=1685371207396&DT_from=01.08.2022&DT_to=31.01.2023&timeFilterType=0#"
"176","FAZ","Bürgergeld","Weltbevölkerung steigt auf 8 Milliarden • G20 Gipfel beginnt • Donald Trumps Ankündigung",2022-11-15,11,2022,"https://fazarchiv.faz.net/faz-portal/faz-archiv?q=B%C3%BCrgergeld&source=&max=30&sort=&offset=180&_ts=1685371207396&DT_from=01.08.2022&DT_to=31.01.2023&timeFilterType=0#"
"177","FAZ","Bürgergeld","Söder nennt Bedingungen für Bürgergeld",2022-11-14,11,2022,"https://fazarchiv.faz.net/faz-portal/faz-archiv?q=B%C3%BCrgergeld&source=&max=30&sort=&offset=180&_ts=1685371207396&DT_from=01.08.2022&DT_to=31.01.2023&timeFilterType=0#"
"178","FAZ","Bürgergeld","Minijob sticht Vollzeitarbeit",2022-11-14,11,2022,"https://fazarchiv.faz.net/faz-portal/faz-archiv?q=B%C3%BCrgergeld&source=&max=30&sort=&offset=180&_ts=1685371207396&DT_from=01.08.2022&DT_to=31.01.2023&timeFilterType=0#"
"179","FAZ","Bürgergeld","Kubicki sieht Ampel vor fundamentalem Problem",2022-11-22,11,2022,"https://fazarchiv.faz.net/faz-portal/faz-archiv?q=B%C3%BCrgergeld&source=&max=30&sort=&offset=150&_ts=1685371207396&DT_from=01.08.2022&DT_to=31.01.2023&timeFilterType=0#"
"180","FAZ","Bürgergeld","Alles Quatsch?",2022-11-22,11,2022,"https://fazarchiv.faz.net/faz-portal/faz-archiv?q=B%C3%BCrgergeld&source=&max=30&sort=&offset=150&_ts=1685371207396&DT_from=01.08.2022&DT_to=31.01.2023&timeFilterType=0#"
"181","FAZ","Bürgergeld","Die Debatte über die Sanktionen war überzogen",2022-11-22,11,2022,"https://fazarchiv.faz.net/faz-portal/faz-archiv?q=B%C3%BCrgergeld&source=&max=30&sort=&offset=150&_ts=1685371207396&DT_from=01.08.2022&DT_to=31.01.2023&timeFilterType=0#"
"182","FAZ","Bürgergeld","FDP: Große Schnittmengen mit Union",2022-11-22,11,2022,"https://fazarchiv.faz.net/faz-portal/faz-archiv?q=B%C3%BCrgergeld&source=&max=30&sort=&offset=150&_ts=1685371207396&DT_from=01.08.2022&DT_to=31.01.2023&timeFilterType=0#"
"183","FAZ","Bürgergeld","Die FDP ist bereit, den Druck auf Bürgergeldbezieher zu erhöhen",2022-11-22,11,2022,"https://fazarchiv.faz.net/faz-portal/faz-archiv?q=B%C3%BCrgergeld&source=&max=30&sort=&offset=150&_ts=1685371207396&DT_from=01.08.2022&DT_to=31.01.2023&timeFilterType=0#"
"184","FAZ","Bürgergeld","Die Debatte über die Sanktionen war überzogen",2022-11-22,11,2022,"https://fazarchiv.faz.net/faz-portal/faz-archiv?q=B%C3%BCrgergeld&source=&max=30&sort=&offset=150&_ts=1685371207396&DT_from=01.08.2022&DT_to=31.01.2023&timeFilterType=0#"
"185","FAZ","Bürgergeld","Kleine Vermieter werden alleingelassen",2022-11-22,11,2022,"https://fazarchiv.faz.net/faz-portal/faz-archiv?q=B%C3%BCrgergeld&source=&max=30&sort=&offset=150&_ts=1685371207396&DT_from=01.08.2022&DT_to=31.01.2023&timeFilterType=0#"
"186","FAZ","Bürgergeld","Föderalist aus Niedersachsen",2022-11-22,11,2022,"https://fazarchiv.faz.net/faz-portal/faz-archiv?q=B%C3%BCrgergeld&source=&max=30&sort=&offset=150&_ts=1685371207396&DT_from=01.08.2022&DT_to=31.01.2023&timeFilterType=0#"
"187","FAZ","Bürgergeld","Guten Morgen!",2022-11-22,11,2022,"https://fazarchiv.faz.net/faz-portal/faz-archiv?q=B%C3%BCrgergeld&source=&max=30&sort=&offset=150&_ts=1685371207396&DT_from=01.08.2022&DT_to=31.01.2023&timeFilterType=0#"
"188","FAZ","Bürgergeld","Leserbriefe vom 22. November 2022",2022-11-22,11,2022,"https://fazarchiv.faz.net/faz-portal/faz-archiv?q=B%C3%BCrgergeld&source=&max=30&sort=&offset=150&_ts=1685371207396&DT_from=01.08.2022&DT_to=31.01.2023&timeFilterType=0#"
"189","FAZ","Bürgergeld","Bürgergeld nur für Männer?",2022-11-21,11,2022,"https://fazarchiv.faz.net/faz-portal/faz-archiv?q=B%C3%BCrgergeld&source=&max=30&sort=&offset=150&_ts=1685371207396&DT_from=01.08.2022&DT_to=31.01.2023&timeFilterType=0#"
"190","FAZ","Bürgergeld","Soziale FDP",2022-11-21,11,2022,"https://fazarchiv.faz.net/faz-portal/faz-archiv?q=B%C3%BCrgergeld&source=&max=30&sort=&offset=150&_ts=1685371207396&DT_from=01.08.2022&DT_to=31.01.2023&timeFilterType=0#"
"191","FAZ","Bürgergeld","Alles Quatsch?",2022-11-21,11,2022,"https://fazarchiv.faz.net/faz-portal/faz-archiv?q=B%C3%BCrgergeld&source=&max=30&sort=&offset=150&_ts=1685371207396&DT_from=01.08.2022&DT_to=31.01.2023&timeFilterType=0#"
"192","FAZ","Bürgergeld","Soziale FDP",2022-11-21,11,2022,"https://fazarchiv.faz.net/faz-portal/faz-archiv?q=B%C3%BCrgergeld&source=&max=30&sort=&offset=150&_ts=1685371207396&DT_from=01.08.2022&DT_to=31.01.2023&timeFilterType=0#"
"193","FAZ","Bürgergeld","Einigen sich Bundesrat und Bundestag beim Bürgergeld?",2022-11-21,11,2022,"https://fazarchiv.faz.net/faz-portal/faz-archiv?q=B%C3%BCrgergeld&source=&max=30&sort=&offset=150&_ts=1685371207396&DT_from=01.08.2022&DT_to=31.01.2023&timeFilterType=0#"
"194","FAZ","Bürgergeld","Die FDP ist bereit, den Druck auf Bürgergeldbezieher zu erhöhen",2022-11-21,11,2022,"https://fazarchiv.faz.net/faz-portal/faz-archiv?q=B%C3%BCrgergeld&source=&max=30&sort=&offset=150&_ts=1685371207396&DT_from=01.08.2022&DT_to=31.01.2023&timeFilterType=0#"
"195","FAZ","Bürgergeld","Stoch bleibt SPD-Chef in Baden-Württemberg",2022-11-21,11,2022,"https://fazarchiv.faz.net/faz-portal/faz-archiv?q=B%C3%BCrgergeld&source=&max=30&sort=&offset=150&_ts=1685371207396&DT_from=01.08.2022&DT_to=31.01.2023&timeFilterType=0#"
"196","FAZ","Bürgergeld","Leserbriefe vom 21. November 2022",2022-11-21,11,2022,"https://fazarchiv.faz.net/faz-portal/faz-archiv?q=B%C3%BCrgergeld&source=&max=30&sort=&offset=150&_ts=1685371207396&DT_from=01.08.2022&DT_to=31.01.2023&timeFilterType=0#"
"197","FAZ","Bürgergeld","Ran ans Programm",2022-11-21,11,2022,"https://fazarchiv.faz.net/faz-portal/faz-archiv?q=B%C3%BCrgergeld&source=&max=30&sort=&offset=150&_ts=1685371207396&DT_from=01.08.2022&DT_to=31.01.2023&timeFilterType=0#"
"198","FAZ","Bürgergeld","Start der Fußball-WM • Klimagipfel gescheitert • Zustand der Bundeswehr noch schlechter",2022-11-21,11,2022,"https://fazarchiv.faz.net/faz-portal/faz-archiv?q=B%C3%BCrgergeld&source=&max=30&sort=&offset=150&_ts=1685371207396&DT_from=01.08.2022&DT_to=31.01.2023&timeFilterType=0#"
"199","FAZ","Bürgergeld","Ran ans Programm",2022-11-20,11,2022,"https://fazarchiv.faz.net/faz-portal/faz-archiv?q=B%C3%BCrgergeld&source=&max=30&sort=&offset=150&_ts=1685371207396&DT_from=01.08.2022&DT_to=31.01.2023&timeFilterType=0#"
"200","FAZ","Bürgergeld","Plötzlich mächtig",2022-11-20,11,2022,"https://fazarchiv.faz.net/faz-portal/faz-archiv?q=B%C3%BCrgergeld&source=&max=30&sort=&offset=150&_ts=1685371207396&DT_from=01.08.2022&DT_to=31.01.2023&timeFilterType=0#"
"201","FAZ","Bürgergeld","Treffen sich zwei Westfalen",2022-11-19,11,2022,"https://fazarchiv.faz.net/faz-portal/faz-archiv?q=B%C3%BCrgergeld&source=&max=30&sort=&offset=150&_ts=1685371207396&DT_from=01.08.2022&DT_to=31.01.2023&timeFilterType=0#"
"202","FAZ","Bürgergeld","Was wäre, wenn . . .",2022-11-19,11,2022,"https://fazarchiv.faz.net/faz-portal/faz-archiv?q=B%C3%BCrgergeld&source=&max=30&sort=&offset=150&_ts=1685371207396&DT_from=01.08.2022&DT_to=31.01.2023&timeFilterType=0#"
"203","FAZ","Bürgergeld","Teufel",2022-11-19,11,2022,"https://fazarchiv.faz.net/faz-portal/faz-archiv?q=B%C3%BCrgergeld&source=&max=30&sort=&offset=150&_ts=1685371207396&DT_from=01.08.2022&DT_to=31.01.2023&timeFilterType=0#"
"204","FAZ","Bürgergeld","Den Sozialstaat nicht zum Sozialfall machen",2022-11-18,11,2022,"https://fazarchiv.faz.net/faz-portal/faz-archiv?q=B%C3%BCrgergeld&source=&max=30&sort=&offset=150&_ts=1685371207396&DT_from=01.08.2022&DT_to=31.01.2023&timeFilterType=0#"
"205","FAZ","Bürgergeld","Wie weit treibt die Union den Streit?",2022-11-18,11,2022,"https://fazarchiv.faz.net/faz-portal/faz-archiv?q=B%C3%BCrgergeld&source=&max=30&sort=&offset=150&_ts=1685371207396&DT_from=01.08.2022&DT_to=31.01.2023&timeFilterType=0#"
"206","FAZ","Bürgergeld","Wie weit treibt die Union den Streit?",2022-11-18,11,2022,"https://fazarchiv.faz.net/faz-portal/faz-archiv?q=B%C3%BCrgergeld&source=&max=30&sort=&offset=150&_ts=1685371207396&DT_from=01.08.2022&DT_to=31.01.2023&timeFilterType=0#"
"207","FAZ","Bürgergeld","Den Sozialstaat nicht zum Sozialfall machen",2022-11-18,11,2022,"https://fazarchiv.faz.net/faz-portal/faz-archiv?q=B%C3%BCrgergeld&source=&max=30&sort=&offset=150&_ts=1685371207396&DT_from=01.08.2022&DT_to=31.01.2023&timeFilterType=0#"
"208","FAZ","Bürgergeld","Bürgergeld in Deutschland - mehr Druck in Frankreich",2022-11-18,11,2022,"https://fazarchiv.faz.net/faz-portal/faz-archiv?q=B%C3%BCrgergeld&source=&max=30&sort=&offset=150&_ts=1685371207396&DT_from=01.08.2022&DT_to=31.01.2023&timeFilterType=0#"
"209","FAZ","Bürgergeld","Zahl der Flüchtlinge steigt &#8226, Finaler Akt beim Bürgergeld &#8226, Glühwein für 5 Euro",2022-11-25,11,2022,"https://fazarchiv.faz.net/faz-portal/faz-archiv?q=B%C3%BCrgergeld&source=&max=30&sort=&offset=120&_ts=1685371207396&DT_from=01.08.2022&DT_to=31.01.2023&timeFilterType=0#"
"210","FAZ","Bürgergeld","Bundestag beschließt den Haushalt für das Jahr 2023",2022-11-25,11,2022,"https://fazarchiv.faz.net/faz-portal/faz-archiv?q=B%C3%BCrgergeld&source=&max=30&sort=&offset=120&_ts=1685371207396&DT_from=01.08.2022&DT_to=31.01.2023&timeFilterType=0#"
"211","FAZ","Bürgergeld","Wer arbeiten will, soll unterstützt werden",2022-11-24,11,2022,"https://fazarchiv.faz.net/faz-portal/faz-archiv?q=B%C3%BCrgergeld&source=&max=30&sort=&offset=120&_ts=1685371207396&DT_from=01.08.2022&DT_to=31.01.2023&timeFilterType=0#"
"212","FAZ","Bürgergeld","In der jetzigen Form bleibt nur noch eine Reformruine übrig",2022-11-24,11,2022,"https://fazarchiv.faz.net/faz-portal/faz-archiv?q=B%C3%BCrgergeld&source=&max=30&sort=&offset=120&_ts=1685371207396&DT_from=01.08.2022&DT_to=31.01.2023&timeFilterType=0#"
"213","FAZ","Bürgergeld","Füllstand und Füllhorn",2022-11-24,11,2022,"https://fazarchiv.faz.net/faz-portal/faz-archiv?q=B%C3%BCrgergeld&source=&max=30&sort=&offset=120&_ts=1685371207396&DT_from=01.08.2022&DT_to=31.01.2023&timeFilterType=0#"
"214","FAZ","Bürgergeld","Scholz sieht Deutschland krisen- und winterfest",2022-11-24,11,2022,"https://fazarchiv.faz.net/faz-portal/faz-archiv?q=B%C3%BCrgergeld&source=&max=30&sort=&offset=120&_ts=1685371207396&DT_from=01.08.2022&DT_to=31.01.2023&timeFilterType=0#"
"215","FAZ","Bürgergeld","Was die Ampel erreicht hat - und was nicht",2022-11-24,11,2022,"https://fazarchiv.faz.net/faz-portal/faz-archiv?q=B%C3%BCrgergeld&source=&max=30&sort=&offset=120&_ts=1685371207396&DT_from=01.08.2022&DT_to=31.01.2023&timeFilterType=0#"
"216","FAZ","Bürgergeld","Ein bisschen Fortschritt",2022-11-24,11,2022,"https://fazarchiv.faz.net/faz-portal/faz-archiv?q=B%C3%BCrgergeld&source=&max=30&sort=&offset=120&_ts=1685371207396&DT_from=01.08.2022&DT_to=31.01.2023&timeFilterType=0#"
"217","FAZ","Bürgergeld","Kein Bürgergeld, mehr Bargeld",2022-11-23,11,2022,"https://fazarchiv.faz.net/faz-portal/faz-archiv?q=B%C3%BCrgergeld&source=&max=30&sort=&offset=120&_ts=1685371207396&DT_from=01.08.2022&DT_to=31.01.2023&timeFilterType=0#"
"218","FAZ","Bürgergeld","Fauler Allparteien-Kompromiss",2022-11-23,11,2022,"https://fazarchiv.faz.net/faz-portal/faz-archiv?q=B%C3%BCrgergeld&source=&max=30&sort=&offset=120&_ts=1685371207396&DT_from=01.08.2022&DT_to=31.01.2023&timeFilterType=0#"
"219","FAZ","Bürgergeld","Vermittlungsausschuss beschließt Kompromiss beim Bürgergeld",2022-11-23,11,2022,"https://fazarchiv.faz.net/faz-portal/faz-archiv?q=B%C3%BCrgergeld&source=&max=30&sort=&offset=120&_ts=1685371207396&DT_from=01.08.2022&DT_to=31.01.2023&timeFilterType=0#"
"220","FAZ","Bürgergeld","Fauler Allparteien-Kompromiss",2022-11-23,11,2022,"https://fazarchiv.faz.net/faz-portal/faz-archiv?q=B%C3%BCrgergeld&source=&max=30&sort=&offset=120&_ts=1685371207396&DT_from=01.08.2022&DT_to=31.01.2023&timeFilterType=0#"
"221","FAZ","Bürgergeld","Ampel und Union einig über Bürgergeld",2022-11-23,11,2022,"https://fazarchiv.faz.net/faz-portal/faz-archiv?q=B%C3%BCrgergeld&source=&max=30&sort=&offset=120&_ts=1685371207396&DT_from=01.08.2022&DT_to=31.01.2023&timeFilterType=0#"
"222","FAZ","Bürgergeld","Union triumphiert über die Ampel",2022-11-23,11,2022,"https://fazarchiv.faz.net/faz-portal/faz-archiv?q=B%C3%BCrgergeld&source=&max=30&sort=&offset=120&_ts=1685371207396&DT_from=01.08.2022&DT_to=31.01.2023&timeFilterType=0#"
"223","FAZ","Bürgergeld","Oder muss es Bürggeld heißen?",2022-11-23,11,2022,"https://fazarchiv.faz.net/faz-portal/faz-archiv?q=B%C3%BCrgergeld&source=&max=30&sort=&offset=120&_ts=1685371207396&DT_from=01.08.2022&DT_to=31.01.2023&timeFilterType=0#"
"224","FAZ","Bürgergeld","Die Debatte über die Sanktionen war überzogen",2022-11-23,11,2022,"https://fazarchiv.faz.net/faz-portal/faz-archiv?q=B%C3%BCrgergeld&source=&max=30&sort=&offset=120&_ts=1685371207396&DT_from=01.08.2022&DT_to=31.01.2023&timeFilterType=0#"
"225","FAZ","Bürgergeld","Ein Erfolg der Opposition",2022-11-23,11,2022,"https://fazarchiv.faz.net/faz-portal/faz-archiv?q=B%C3%BCrgergeld&source=&max=30&sort=&offset=120&_ts=1685371207396&DT_from=01.08.2022&DT_to=31.01.2023&timeFilterType=0#"
"226","FAZ","Bürgergeld","Melonis Vernunft",2022-11-23,11,2022,"https://fazarchiv.faz.net/faz-portal/faz-archiv?q=B%C3%BCrgergeld&source=&max=30&sort=&offset=120&_ts=1685371207396&DT_from=01.08.2022&DT_to=31.01.2023&timeFilterType=0#"
"227","FAZ","Bürgergeld","Die Allparteien-Falle",2022-11-23,11,2022,"https://fazarchiv.faz.net/faz-portal/faz-archiv?q=B%C3%BCrgergeld&source=&max=30&sort=&offset=120&_ts=1685371207396&DT_from=01.08.2022&DT_to=31.01.2023&timeFilterType=0#"
"228","FAZ","Bürgergeld","Leserbriefe vom 23. November 2022",2022-11-23,11,2022,"https://fazarchiv.faz.net/faz-portal/faz-archiv?q=B%C3%BCrgergeld&source=&max=30&sort=&offset=120&_ts=1685371207396&DT_from=01.08.2022&DT_to=31.01.2023&timeFilterType=0#"
"229","FAZ","Bürgergeld","Scholz punktet mit zwei schlichten Aussagen",2022-11-23,11,2022,"https://fazarchiv.faz.net/faz-portal/faz-archiv?q=B%C3%BCrgergeld&source=&max=30&sort=&offset=120&_ts=1685371207396&DT_from=01.08.2022&DT_to=31.01.2023&timeFilterType=0#"
"230","FAZ","Bürgergeld","Generaldebatte im Bundestag &#8226, Kompromiss beim Bürgergeld &#8226, Deutschland gegen Japan",2022-11-23,11,2022,"https://fazarchiv.faz.net/faz-portal/faz-archiv?q=B%C3%BCrgergeld&source=&max=30&sort=&offset=120&_ts=1685371207396&DT_from=01.08.2022&DT_to=31.01.2023&timeFilterType=0#"
"231","FAZ","Bürgergeld","Der nächste Schlagabtausch zwischen Scholz und Merz",2022-11-23,11,2022,"https://fazarchiv.faz.net/faz-portal/faz-archiv?q=B%C3%BCrgergeld&source=&max=30&sort=&offset=120&_ts=1685371207396&DT_from=01.08.2022&DT_to=31.01.2023&timeFilterType=0#"
"232","FAZ","Bürgergeld","Sozialverband warnt vor Verzögerungen beim Bürgergeld",2022-11-22,11,2022,"https://fazarchiv.faz.net/faz-portal/faz-archiv?q=B%C3%BCrgergeld&source=&max=30&sort=&offset=120&_ts=1685371207396&DT_from=01.08.2022&DT_to=31.01.2023&timeFilterType=0#"
"233","FAZ","Bürgergeld","Bürgergeld mit Pflichten",2022-11-22,11,2022,"https://fazarchiv.faz.net/faz-portal/faz-archiv?q=B%C3%BCrgergeld&source=&max=30&sort=&offset=120&_ts=1685371207396&DT_from=01.08.2022&DT_to=31.01.2023&timeFilterType=0#"
"234","FAZ","Bürgergeld","Ampel und Union einigen sich auf Kompromiss beim Bürgergeld",2022-11-22,11,2022,"https://fazarchiv.faz.net/faz-portal/faz-archiv?q=B%C3%BCrgergeld&source=&max=30&sort=&offset=120&_ts=1685371207396&DT_from=01.08.2022&DT_to=31.01.2023&timeFilterType=0#"
"235","FAZ","Bürgergeld","Sozialverband warnt vor Verzögerungen beim Bürgergeld",2022-11-22,11,2022,"https://fazarchiv.faz.net/faz-portal/faz-archiv?q=B%C3%BCrgergeld&source=&max=30&sort=&offset=120&_ts=1685371207396&DT_from=01.08.2022&DT_to=31.01.2023&timeFilterType=0#"
"236","FAZ","Bürgergeld","Die Union sieht sich beim Bürgergeld als Sieger",2022-11-22,11,2022,"https://fazarchiv.faz.net/faz-portal/faz-archiv?q=B%C3%BCrgergeld&source=&max=30&sort=&offset=120&_ts=1685371207396&DT_from=01.08.2022&DT_to=31.01.2023&timeFilterType=0#"
"237","FAZ","Bürgergeld","Die Union sieht sich beim Bürgergeld als Sieger",2022-11-22,11,2022,"https://fazarchiv.faz.net/faz-portal/faz-archiv?q=B%C3%BCrgergeld&source=&max=30&sort=&offset=120&_ts=1685371207396&DT_from=01.08.2022&DT_to=31.01.2023&timeFilterType=0#"
"238","FAZ","Bürgergeld","Ampel und Union einigen sich auf Kompromiss beim Bürgergeld",2022-11-22,11,2022,"https://fazarchiv.faz.net/faz-portal/faz-archiv?q=B%C3%BCrgergeld&source=&max=30&sort=&offset=120&_ts=1685371207396&DT_from=01.08.2022&DT_to=31.01.2023&timeFilterType=0#"
"239","FAZ","Bürgergeld","Progressiv",2022-12-11,12,2022,"https://fazarchiv.faz.net/faz-portal/faz-archiv?q=B%C3%BCrgergeld&source=&max=30&sort=&offset=90&_ts=1685371207396&DT_from=01.08.2022&DT_to=31.01.2023&timeFilterType=0#"
"240","FAZ","Bürgergeld","Wer Bürger ist",2022-12-09,12,2022,"https://fazarchiv.faz.net/faz-portal/faz-archiv?q=B%C3%BCrgergeld&source=&max=30&sort=&offset=90&_ts=1685371207396&DT_from=01.08.2022&DT_to=31.01.2023&timeFilterType=0#"
"241","FAZ","Bürgergeld","Leserbriefe vom 9. Dezember 2022",2022-12-09,12,2022,"https://fazarchiv.faz.net/faz-portal/faz-archiv?q=B%C3%BCrgergeld&source=&max=30&sort=&offset=90&_ts=1685371207396&DT_from=01.08.2022&DT_to=31.01.2023&timeFilterType=0#"
"242","FAZ","Bürgergeld","Keine Senkung der Kreisumlage",2022-12-05,12,2022,"https://fazarchiv.faz.net/faz-portal/faz-archiv?q=B%C3%BCrgergeld&source=&max=30&sort=&offset=90&_ts=1685371207396&DT_from=01.08.2022&DT_to=31.01.2023&timeFilterType=0#"
"243","FAZ","Bürgergeld","Ist Scholz eins nur Merkel zwei?",2022-12-05,12,2022,"https://fazarchiv.faz.net/faz-portal/faz-archiv?q=B%C3%BCrgergeld&source=&max=30&sort=&offset=90&_ts=1685371207396&DT_from=01.08.2022&DT_to=31.01.2023&timeFilterType=0#"
"244","FAZ","Bürgergeld","Lang lebe der Bundesrechnungshof",2022-12-04,12,2022,"https://fazarchiv.faz.net/faz-portal/faz-archiv?q=B%C3%BCrgergeld&source=&max=30&sort=&offset=90&_ts=1685371207396&DT_from=01.08.2022&DT_to=31.01.2023&timeFilterType=0#"
"245","FAZ","Bürgergeld","Ein Jahr zu dritt",2022-12-04,12,2022,"https://fazarchiv.faz.net/faz-portal/faz-archiv?q=B%C3%BCrgergeld&source=&max=30&sort=&offset=90&_ts=1685371207396&DT_from=01.08.2022&DT_to=31.01.2023&timeFilterType=0#"
"246","FAZ","Bürgergeld","Ein turbulentes Jahr zu dritt",2022-12-03,12,2022,"https://fazarchiv.faz.net/faz-portal/faz-archiv?q=B%C3%BCrgergeld&source=&max=30&sort=&offset=90&_ts=1685371207396&DT_from=01.08.2022&DT_to=31.01.2023&timeFilterType=0#"
"247","FAZ","Bürgergeld","Merkel zwei?",2022-12-03,12,2022,"https://fazarchiv.faz.net/faz-portal/faz-archiv?q=B%C3%BCrgergeld&source=&max=30&sort=&offset=90&_ts=1685371207396&DT_from=01.08.2022&DT_to=31.01.2023&timeFilterType=0#"
"248","FAZ","Bürgergeld","Lang lebe der Bundesrechnungshof!",2022-12-02,12,2022,"https://fazarchiv.faz.net/faz-portal/faz-archiv?q=B%C3%BCrgergeld&source=&max=30&sort=&offset=90&_ts=1685371207396&DT_from=01.08.2022&DT_to=31.01.2023&timeFilterType=0#"
"249","FAZ","Bürgergeld","Arbeitsagentur hält sich auch bei Vollbeschäftigung für unentbehrlich",2022-12-01,12,2022,"https://fazarchiv.faz.net/faz-portal/faz-archiv?q=B%C3%BCrgergeld&source=&max=30&sort=&offset=90&_ts=1685371207396&DT_from=01.08.2022&DT_to=31.01.2023&timeFilterType=0#"
"250","FAZ","Bürgergeld","Mehr als 50 000 freie Stellen",2022-12-01,12,2022,"https://fazarchiv.faz.net/faz-portal/faz-archiv?q=B%C3%BCrgergeld&source=&max=30&sort=&offset=90&_ts=1685371207396&DT_from=01.08.2022&DT_to=31.01.2023&timeFilterType=0#"
"251","FAZ","Bürgergeld","Man wird uns immer brauchen",2022-12-01,12,2022,"https://fazarchiv.faz.net/faz-portal/faz-archiv?q=B%C3%BCrgergeld&source=&max=30&sort=&offset=90&_ts=1685371207396&DT_from=01.08.2022&DT_to=31.01.2023&timeFilterType=0#"
"252","FAZ","Bürgergeld","Nach dem Streit ist vor dem Streit",2022-11-29,11,2022,"https://fazarchiv.faz.net/faz-portal/faz-archiv?q=B%C3%BCrgergeld&source=&max=30&sort=&offset=90&_ts=1685371207396&DT_from=01.08.2022&DT_to=31.01.2023&timeFilterType=0#"
"253","FAZ","Bürgergeld","Der nächste Ampel-Zwist",2022-11-28,11,2022,"https://fazarchiv.faz.net/faz-portal/faz-archiv?q=B%C3%BCrgergeld&source=&max=30&sort=&offset=90&_ts=1685371207396&DT_from=01.08.2022&DT_to=31.01.2023&timeFilterType=0#"
"254","FAZ","Bürgergeld","Der Bürger ist kein Bittsteller",2022-11-28,11,2022,"https://fazarchiv.faz.net/faz-portal/faz-archiv?q=B%C3%BCrgergeld&source=&max=30&sort=&offset=90&_ts=1685371207396&DT_from=01.08.2022&DT_to=31.01.2023&timeFilterType=0#"
"255","FAZ","Bürgergeld","Der nächste Ampel-Zwist",2022-11-28,11,2022,"https://fazarchiv.faz.net/faz-portal/faz-archiv?q=B%C3%BCrgergeld&source=&max=30&sort=&offset=90&_ts=1685371207396&DT_from=01.08.2022&DT_to=31.01.2023&timeFilterType=0#"
"256","FAZ","Bürgergeld","Ohne Strafen geht es nicht",2022-11-27,11,2022,"https://fazarchiv.faz.net/faz-portal/faz-archiv?q=B%C3%BCrgergeld&source=&max=30&sort=&offset=90&_ts=1685371207396&DT_from=01.08.2022&DT_to=31.01.2023&timeFilterType=0#"
"257","FAZ","Bürgergeld","Ohne Strafen geht es nicht",2022-11-27,11,2022,"https://fazarchiv.faz.net/faz-portal/faz-archiv?q=B%C3%BCrgergeld&source=&max=30&sort=&offset=90&_ts=1685371207396&DT_from=01.08.2022&DT_to=31.01.2023&timeFilterType=0#"
"258","FAZ","Bürgergeld","Schuld sind immer die anderen",2022-11-27,11,2022,"https://fazarchiv.faz.net/faz-portal/faz-archiv?q=B%C3%BCrgergeld&source=&max=30&sort=&offset=90&_ts=1685371207396&DT_from=01.08.2022&DT_to=31.01.2023&timeFilterType=0#"
"259","FAZ","Bürgergeld","Ohne Strafen geht es nicht",2022-11-27,11,2022,"https://fazarchiv.faz.net/faz-portal/faz-archiv?q=B%C3%BCrgergeld&source=&max=30&sort=&offset=90&_ts=1685371207396&DT_from=01.08.2022&DT_to=31.01.2023&timeFilterType=0#"
"260","FAZ","Bürgergeld","Bundestag und Bundesrat beschließen Bürgergeld",2022-11-26,11,2022,"https://fazarchiv.faz.net/faz-portal/faz-archiv?q=B%C3%BCrgergeld&source=&max=30&sort=&offset=90&_ts=1685371207396&DT_from=01.08.2022&DT_to=31.01.2023&timeFilterType=0#"
"261","FAZ","Bürgergeld","Das steckt im neuen Bürgergeld",2022-11-26,11,2022,"https://fazarchiv.faz.net/faz-portal/faz-archiv?q=B%C3%BCrgergeld&source=&max=30&sort=&offset=90&_ts=1685371207396&DT_from=01.08.2022&DT_to=31.01.2023&timeFilterType=0#"
"262","FAZ","Bürgergeld","Neues Miteinander",2022-11-26,11,2022,"https://fazarchiv.faz.net/faz-portal/faz-archiv?q=B%C3%BCrgergeld&source=&max=30&sort=&offset=90&_ts=1685371207396&DT_from=01.08.2022&DT_to=31.01.2023&timeFilterType=0#"
"263","FAZ","Bürgergeld","In der Not wieder Freunde",2022-11-26,11,2022,"https://fazarchiv.faz.net/faz-portal/faz-archiv?q=B%C3%BCrgergeld&source=&max=30&sort=&offset=90&_ts=1685371207396&DT_from=01.08.2022&DT_to=31.01.2023&timeFilterType=0#"
"264","FAZ","Bürgergeld","Bundestag und Bundesrat beschließen Bürgergeld",2022-11-25,11,2022,"https://fazarchiv.faz.net/faz-portal/faz-archiv?q=B%C3%BCrgergeld&source=&max=30&sort=&offset=90&_ts=1685371207396&DT_from=01.08.2022&DT_to=31.01.2023&timeFilterType=0#"
"265","FAZ","Bürgergeld","Bundestag und Bundesrat beschließen Bürgergeld",2022-11-25,11,2022,"https://fazarchiv.faz.net/faz-portal/faz-archiv?q=B%C3%BCrgergeld&source=&max=30&sort=&offset=90&_ts=1685371207396&DT_from=01.08.2022&DT_to=31.01.2023&timeFilterType=0#"
"266","FAZ","Bürgergeld","Das steckt im neuen Bürgergeld",2022-11-25,11,2022,"https://fazarchiv.faz.net/faz-portal/faz-archiv?q=B%C3%BCrgergeld&source=&max=30&sort=&offset=90&_ts=1685371207396&DT_from=01.08.2022&DT_to=31.01.2023&timeFilterType=0#"
"267","FAZ","Bürgergeld","Getrübte Kauf-Lust am Black Friday",2022-11-25,11,2022,"https://fazarchiv.faz.net/faz-portal/faz-archiv?q=B%C3%BCrgergeld&source=&max=30&sort=&offset=90&_ts=1685371207396&DT_from=01.08.2022&DT_to=31.01.2023&timeFilterType=0#"
"268","FAZ","Bürgergeld","Heil dankt Union für Zustimmung",2022-11-25,11,2022,"https://fazarchiv.faz.net/faz-portal/faz-archiv?q=B%C3%BCrgergeld&source=&max=30&sort=&offset=90&_ts=1685371207396&DT_from=01.08.2022&DT_to=31.01.2023&timeFilterType=0#"
"269","FAZ","Bürgergeld","Ist der Ruhe in der SPD zu trauen?",2022-12-30,12,2022,"https://fazarchiv.faz.net/faz-portal/faz-archiv?q=B%C3%BCrgergeld&source=&max=30&sort=&offset=60&_ts=1685371207396&DT_from=01.08.2022&DT_to=31.01.2023&timeFilterType=0#"
"270","FAZ","Bürgergeld","Abschied von Pelé • So teuer wird 2023 • Papst Benedikts Vermächtnis",2022-12-30,12,2022,"https://fazarchiv.faz.net/faz-portal/faz-archiv?q=B%C3%BCrgergeld&source=&max=30&sort=&offset=60&_ts=1685371207396&DT_from=01.08.2022&DT_to=31.01.2023&timeFilterType=0#"
"271","FAZ","Bürgergeld","Annalena Baerbock - Die Überraschung im Auswärtigen Amt",2022-12-30,12,2022,"https://fazarchiv.faz.net/faz-portal/faz-archiv?q=B%C3%BCrgergeld&source=&max=30&sort=&offset=60&_ts=1685371207396&DT_from=01.08.2022&DT_to=31.01.2023&timeFilterType=0#"
"272","FAZ","Bürgergeld","Das ändert sich",2022-12-30,12,2022,"https://fazarchiv.faz.net/faz-portal/faz-archiv?q=B%C3%BCrgergeld&source=&max=30&sort=&offset=60&_ts=1685371207396&DT_from=01.08.2022&DT_to=31.01.2023&timeFilterType=0#"
"273","FAZ","Bürgergeld","Das ändert sich im neuen Jahr 2023",2022-12-29,12,2022,"https://fazarchiv.faz.net/faz-portal/faz-archiv?q=B%C3%BCrgergeld&source=&max=30&sort=&offset=60&_ts=1685371207396&DT_from=01.08.2022&DT_to=31.01.2023&timeFilterType=0#"
"274","FAZ","Bürgergeld","Die Alimentierungsspirale",2022-12-29,12,2022,"https://fazarchiv.faz.net/faz-portal/faz-archiv?q=B%C3%BCrgergeld&source=&max=30&sort=&offset=60&_ts=1685371207396&DT_from=01.08.2022&DT_to=31.01.2023&timeFilterType=0#"
"275","FAZ","Bürgergeld","Das ändert sich im neuen Jahr 2023",2022-12-29,12,2022,"https://fazarchiv.faz.net/faz-portal/faz-archiv?q=B%C3%BCrgergeld&source=&max=30&sort=&offset=60&_ts=1685371207396&DT_from=01.08.2022&DT_to=31.01.2023&timeFilterType=0#"
"276","FAZ","Bürgergeld","Mehr als fünf Millionen Beschäftigte arbeiten im öffentlichen Dienst",2022-12-29,12,2022,"https://fazarchiv.faz.net/faz-portal/faz-archiv?q=B%C3%BCrgergeld&source=&max=30&sort=&offset=60&_ts=1685371207396&DT_from=01.08.2022&DT_to=31.01.2023&timeFilterType=0#"
"277","FAZ","Bürgergeld","Wachstumsschübe der grünen Großstadt",2022-12-29,12,2022,"https://fazarchiv.faz.net/faz-portal/faz-archiv?q=B%C3%BCrgergeld&source=&max=30&sort=&offset=60&_ts=1685371207396&DT_from=01.08.2022&DT_to=31.01.2023&timeFilterType=0#"
"278","FAZ","Bürgergeld","Harte Arbeit sollte sich mehr lohnen",2022-12-26,12,2022,"https://fazarchiv.faz.net/faz-portal/faz-archiv?q=B%C3%BCrgergeld&source=&max=30&sort=&offset=60&_ts=1685371207396&DT_from=01.08.2022&DT_to=31.01.2023&timeFilterType=0#"
"279","FAZ","Bürgergeld","ARBEIT LOHNT SICH NICHT",2022-12-25,12,2022,"https://fazarchiv.faz.net/faz-portal/faz-archiv?q=B%C3%BCrgergeld&source=&max=30&sort=&offset=60&_ts=1685371207396&DT_from=01.08.2022&DT_to=31.01.2023&timeFilterType=0#"
"280","FAZ","Bürgergeld","Zuerst die Haltung, dann die Fakten",2022-12-25,12,2022,"https://fazarchiv.faz.net/faz-portal/faz-archiv?q=B%C3%BCrgergeld&source=&max=30&sort=&offset=60&_ts=1685371207396&DT_from=01.08.2022&DT_to=31.01.2023&timeFilterType=0#"
"281","FAZ","Bürgergeld","Die Tafeln sind überlastet",2022-12-25,12,2022,"https://fazarchiv.faz.net/faz-portal/faz-archiv?q=B%C3%BCrgergeld&source=&max=30&sort=&offset=60&_ts=1685371207396&DT_from=01.08.2022&DT_to=31.01.2023&timeFilterType=0#"
"282","FAZ","Bürgergeld","Ich hätte Druck gebraucht",2022-12-24,12,2022,"https://fazarchiv.faz.net/faz-portal/faz-archiv?q=B%C3%BCrgergeld&source=&max=30&sort=&offset=60&_ts=1685371207396&DT_from=01.08.2022&DT_to=31.01.2023&timeFilterType=0#"
"283","FAZ","Bürgergeld","Halbe Wahrheiten",2022-12-24,12,2022,"https://fazarchiv.faz.net/faz-portal/faz-archiv?q=B%C3%BCrgergeld&source=&max=30&sort=&offset=60&_ts=1685371207396&DT_from=01.08.2022&DT_to=31.01.2023&timeFilterType=0#"
"284","FAZ","Bürgergeld","Die halben Wahrheiten der Ampel",2022-12-23,12,2022,"https://fazarchiv.faz.net/faz-portal/faz-archiv?q=B%C3%BCrgergeld&source=&max=30&sort=&offset=60&_ts=1685371207396&DT_from=01.08.2022&DT_to=31.01.2023&timeFilterType=0#"
"285","FAZ","Bürgergeld","Ich werbe in meiner Partei für eine liberalere Linie",2022-12-23,12,2022,"https://fazarchiv.faz.net/faz-portal/faz-archiv?q=B%C3%BCrgergeld&source=&max=30&sort=&offset=60&_ts=1685371207396&DT_from=01.08.2022&DT_to=31.01.2023&timeFilterType=0#"
"286","FAZ","Bürgergeld","Nicht nur das Ja-Wort bleibt analog",2022-12-22,12,2022,"https://fazarchiv.faz.net/faz-portal/faz-archiv?q=B%C3%BCrgergeld&source=&max=30&sort=&offset=60&_ts=1685371207396&DT_from=01.08.2022&DT_to=31.01.2023&timeFilterType=0#"
"287","FAZ","Bürgergeld","Nicht nur das Jawort bleibt analog",2022-12-22,12,2022,"https://fazarchiv.faz.net/faz-portal/faz-archiv?q=B%C3%BCrgergeld&source=&max=30&sort=&offset=60&_ts=1685371207396&DT_from=01.08.2022&DT_to=31.01.2023&timeFilterType=0#"
"288","FAZ","Bürgergeld","Nicht nur das Ja-Wort bleibt analog",2022-12-22,12,2022,"https://fazarchiv.faz.net/faz-portal/faz-archiv?q=B%C3%BCrgergeld&source=&max=30&sort=&offset=60&_ts=1685371207396&DT_from=01.08.2022&DT_to=31.01.2023&timeFilterType=0#"
"289","FAZ","Bürgergeld","Ich werbe in meiner Partei für eine liberalere Linie",2022-12-22,12,2022,"https://fazarchiv.faz.net/faz-portal/faz-archiv?q=B%C3%BCrgergeld&source=&max=30&sort=&offset=60&_ts=1685371207396&DT_from=01.08.2022&DT_to=31.01.2023&timeFilterType=0#"
"290","FAZ","Bürgergeld","Ich werbe in meiner Partei für eine liberalere Linie",2022-12-22,12,2022,"https://fazarchiv.faz.net/faz-portal/faz-archiv?q=B%C3%BCrgergeld&source=&max=30&sort=&offset=60&_ts=1685371207396&DT_from=01.08.2022&DT_to=31.01.2023&timeFilterType=0#"
"291","FAZ","Bürgergeld","Die SPD hat den Wandel verschlafen",2022-12-20,12,2022,"https://fazarchiv.faz.net/faz-portal/faz-archiv?q=B%C3%BCrgergeld&source=&max=30&sort=&offset=60&_ts=1685371207396&DT_from=01.08.2022&DT_to=31.01.2023&timeFilterType=0#"
"292","FAZ","Bürgergeld","Leserbriefe vom 20. Dezember 2022",2022-12-20,12,2022,"https://fazarchiv.faz.net/faz-portal/faz-archiv?q=B%C3%BCrgergeld&source=&max=30&sort=&offset=60&_ts=1685371207396&DT_from=01.08.2022&DT_to=31.01.2023&timeFilterType=0#"
"293","FAZ","Bürgergeld","Nur eine Teilzeitenwende",2022-12-19,12,2022,"https://fazarchiv.faz.net/faz-portal/faz-archiv?q=B%C3%BCrgergeld&source=&max=30&sort=&offset=60&_ts=1685371207396&DT_from=01.08.2022&DT_to=31.01.2023&timeFilterType=0#"
"294","FAZ","Bürgergeld","Streit um des Streites Willen?",2022-12-19,12,2022,"https://fazarchiv.faz.net/faz-portal/faz-archiv?q=B%C3%BCrgergeld&source=&max=30&sort=&offset=60&_ts=1685371207396&DT_from=01.08.2022&DT_to=31.01.2023&timeFilterType=0#"
"295","FAZ","Bürgergeld","Rekordeinnahmen und nichts zu verteilen",2022-12-15,12,2022,"https://fazarchiv.faz.net/faz-portal/faz-archiv?q=B%C3%BCrgergeld&source=&max=30&sort=&offset=60&_ts=1685371207396&DT_from=01.08.2022&DT_to=31.01.2023&timeFilterType=0#"
"296","FAZ","Bürgergeld","Etat wird erst im März beraten",2022-12-15,12,2022,"https://fazarchiv.faz.net/faz-portal/faz-archiv?q=B%C3%BCrgergeld&source=&max=30&sort=&offset=60&_ts=1685371207396&DT_from=01.08.2022&DT_to=31.01.2023&timeFilterType=0#"
"297","FAZ","Bürgergeld","Beiname Gomorra",2022-12-12,12,2022,"https://fazarchiv.faz.net/faz-portal/faz-archiv?q=B%C3%BCrgergeld&source=&max=30&sort=&offset=60&_ts=1685371207396&DT_from=01.08.2022&DT_to=31.01.2023&timeFilterType=0#"
"298","FAZ","Bürgergeld","Beiname Gomorra",2022-12-11,12,2022,"https://fazarchiv.faz.net/faz-portal/faz-archiv?q=B%C3%BCrgergeld&source=&max=30&sort=&offset=60&_ts=1685371207396&DT_from=01.08.2022&DT_to=31.01.2023&timeFilterType=0#"
"299","FAZ","Bürgergeld","Das Papaya-Prinzip der Politik",2023-01-08,1,2023,"https://fazarchiv.faz.net/faz-portal/faz-archiv?q=B%C3%BCrgergeld&source=&max=30&sort=&offset=30&_ts=1685371207396&DT_from=01.08.2022&DT_to=31.01.2023&timeFilterType=0#"
"300","FAZ","Bürgergeld","Söder erobert Rom",2023-01-07,1,2023,"https://fazarchiv.faz.net/faz-portal/faz-archiv?q=B%C3%BCrgergeld&source=&max=30&sort=&offset=30&_ts=1685371207396&DT_from=01.08.2022&DT_to=31.01.2023&timeFilterType=0#"
"301","FAZ","Bürgergeld","Als Markus Söder Rom eroberte",2023-01-06,1,2023,"https://fazarchiv.faz.net/faz-portal/faz-archiv?q=B%C3%BCrgergeld&source=&max=30&sort=&offset=30&_ts=1685371207396&DT_from=01.08.2022&DT_to=31.01.2023&timeFilterType=0#"
"302","FAZ","Bürgergeld","Das kommt 2023",2023-01-06,1,2023,"https://fazarchiv.faz.net/faz-portal/faz-archiv?q=B%C3%BCrgergeld&source=&max=30&sort=&offset=30&_ts=1685371207396&DT_from=01.08.2022&DT_to=31.01.2023&timeFilterType=0#"
"303","FAZ","Bürgergeld","Bürgergeld deckt Stromkosten nicht",2023-01-05,1,2023,"https://fazarchiv.faz.net/faz-portal/faz-archiv?q=B%C3%BCrgergeld&source=&max=30&sort=&offset=30&_ts=1685371207396&DT_from=01.08.2022&DT_to=31.01.2023&timeFilterType=0#"
"304","FAZ","Bürgergeld","Was nicht zusammenpasst",2023-01-04,1,2023,"https://fazarchiv.faz.net/faz-portal/faz-archiv?q=B%C3%BCrgergeld&source=&max=30&sort=&offset=30&_ts=1685371207396&DT_from=01.08.2022&DT_to=31.01.2023&timeFilterType=0#"
"305","FAZ","Bürgergeld","Mehr Beschäftigte als vor Corona",2023-01-04,1,2023,"https://fazarchiv.faz.net/faz-portal/faz-archiv?q=B%C3%BCrgergeld&source=&max=30&sort=&offset=30&_ts=1685371207396&DT_from=01.08.2022&DT_to=31.01.2023&timeFilterType=0#"
"306","FAZ","Bürgergeld","Der Arbeitsmarkt trotzt der Krise",2023-01-04,1,2023,"https://fazarchiv.faz.net/faz-portal/faz-archiv?q=B%C3%BCrgergeld&source=&max=30&sort=&offset=30&_ts=1685371207396&DT_from=01.08.2022&DT_to=31.01.2023&timeFilterType=0#"
"307","FAZ","Bürgergeld","Was nicht zusammenpasst",2023-01-04,1,2023,"https://fazarchiv.faz.net/faz-portal/faz-archiv?q=B%C3%BCrgergeld&source=&max=30&sort=&offset=30&_ts=1685371207396&DT_from=01.08.2022&DT_to=31.01.2023&timeFilterType=0#"
"308","FAZ","Bürgergeld","Stabiler Arbeitsmarkt macht Sorgen",2023-01-03,1,2023,"https://fazarchiv.faz.net/faz-portal/faz-archiv?q=B%C3%BCrgergeld&source=&max=30&sort=&offset=30&_ts=1685371207396&DT_from=01.08.2022&DT_to=31.01.2023&timeFilterType=0#"
"309","FAZ","Bürgergeld","Umstellung auf Bürgergeld",2023-01-02,1,2023,"https://fazarchiv.faz.net/faz-portal/faz-archiv?q=B%C3%BCrgergeld&source=&max=30&sort=&offset=30&_ts=1685371207396&DT_from=01.08.2022&DT_to=31.01.2023&timeFilterType=0#"
"310","FAZ","Bürgergeld","Das nächste sozialpolitische Mammutprojekt",2023-01-02,1,2023,"https://fazarchiv.faz.net/faz-portal/faz-archiv?q=B%C3%BCrgergeld&source=&max=30&sort=&offset=30&_ts=1685371207396&DT_from=01.08.2022&DT_to=31.01.2023&timeFilterType=0#"
"311","FAZ","Bürgergeld","Das nächste sozialpolitische Mammutprojekt",2023-01-02,1,2023,"https://fazarchiv.faz.net/faz-portal/faz-archiv?q=B%C3%BCrgergeld&source=&max=30&sort=&offset=30&_ts=1685371207396&DT_from=01.08.2022&DT_to=31.01.2023&timeFilterType=0#"
"312","FAZ","Bürgergeld","Ist der Ruhe in der SPD zu trauen?",2023-01-02,1,2023,"https://fazarchiv.faz.net/faz-portal/faz-archiv?q=B%C3%BCrgergeld&source=&max=30&sort=&offset=30&_ts=1685371207396&DT_from=01.08.2022&DT_to=31.01.2023&timeFilterType=0#"
"313","FAZ","Bürgergeld","Das nächste sozialpolitische Mammutprojekt",2023-01-02,1,2023,"https://fazarchiv.faz.net/faz-portal/faz-archiv?q=B%C3%BCrgergeld&source=&max=30&sort=&offset=30&_ts=1685371207396&DT_from=01.08.2022&DT_to=31.01.2023&timeFilterType=0#"
"314","FAZ","Bürgergeld","Abschied von Benedikt XVI. • Ukraine ist 2023 auf alles gefasst • Das ändert sich 2023",2023-01-02,1,2023,"https://fazarchiv.faz.net/faz-portal/faz-archiv?q=B%C3%BCrgergeld&source=&max=30&sort=&offset=30&_ts=1685371207396&DT_from=01.08.2022&DT_to=31.01.2023&timeFilterType=0#"
"315","FAZ","Bürgergeld","Treuer Diener des Evangeliums: Abschied von Benedikt XVI.",2023-01-02,1,2023,"https://fazarchiv.faz.net/faz-portal/faz-archiv?q=B%C3%BCrgergeld&source=&max=30&sort=&offset=30&_ts=1685371207396&DT_from=01.08.2022&DT_to=31.01.2023&timeFilterType=0#"
"316","FAZ","Bürgergeld","Das ändert sich 2023",2023-01-01,1,2023,"https://fazarchiv.faz.net/faz-portal/faz-archiv?q=B%C3%BCrgergeld&source=&max=30&sort=&offset=30&_ts=1685371207396&DT_from=01.08.2022&DT_to=31.01.2023&timeFilterType=0#"
"317","FAZ","Bürgergeld","Fatale Zeitenwende",2023-01-01,1,2023,"https://fazarchiv.faz.net/faz-portal/faz-archiv?q=B%C3%BCrgergeld&source=&max=30&sort=&offset=30&_ts=1685371207396&DT_from=01.08.2022&DT_to=31.01.2023&timeFilterType=0#"
"318","FAZ","Bürgergeld","Das ändert sich",2023-01-01,1,2023,"https://fazarchiv.faz.net/faz-portal/faz-archiv?q=B%C3%BCrgergeld&source=&max=30&sort=&offset=30&_ts=1685371207396&DT_from=01.08.2022&DT_to=31.01.2023&timeFilterType=0#"
"319","FAZ","Bürgergeld","Nahles: Bürgergeld kommt pünktlich",2022-12-31,12,2022,"https://fazarchiv.faz.net/faz-portal/faz-archiv?q=B%C3%BCrgergeld&source=&max=30&sort=&offset=30&_ts=1685371207396&DT_from=01.08.2022&DT_to=31.01.2023&timeFilterType=0#"
"320","FAZ","Bürgergeld","Der ordnungspolitische Unfug der Ampel",2022-12-31,12,2022,"https://fazarchiv.faz.net/faz-portal/faz-archiv?q=B%C3%BCrgergeld&source=&max=30&sort=&offset=30&_ts=1685371207396&DT_from=01.08.2022&DT_to=31.01.2023&timeFilterType=0#"
"321","FAZ","Bürgergeld","Der ordnungspolitische Unfug der Ampel",2022-12-31,12,2022,"https://fazarchiv.faz.net/faz-portal/faz-archiv?q=B%C3%BCrgergeld&source=&max=30&sort=&offset=30&_ts=1685371207396&DT_from=01.08.2022&DT_to=31.01.2023&timeFilterType=0#"
"322","FAZ","Bürgergeld","Zu uns kommt inzwischen auch der klassische Mittelstand",2022-12-31,12,2022,"https://fazarchiv.faz.net/faz-portal/faz-archiv?q=B%C3%BCrgergeld&source=&max=30&sort=&offset=30&_ts=1685371207396&DT_from=01.08.2022&DT_to=31.01.2023&timeFilterType=0#"
"323","FAZ","Bürgergeld","Überheblichkeit ist nicht der Kern von Außenpolitik",2022-12-31,12,2022,"https://fazarchiv.faz.net/faz-portal/faz-archiv?q=B%C3%BCrgergeld&source=&max=30&sort=&offset=30&_ts=1685371207396&DT_from=01.08.2022&DT_to=31.01.2023&timeFilterType=0#"
"324","FAZ","Bürgergeld","Überheblichkeit ist nicht der Kern von Außenpolitik",2022-12-31,12,2022,"https://fazarchiv.faz.net/faz-portal/faz-archiv?q=B%C3%BCrgergeld&source=&max=30&sort=&offset=30&_ts=1685371207396&DT_from=01.08.2022&DT_to=31.01.2023&timeFilterType=0#"
"325","FAZ","Bürgergeld","Bürgergeld",2022-12-30,12,2022,"https://fazarchiv.faz.net/faz-portal/faz-archiv?q=B%C3%BCrgergeld&source=&max=30&sort=&offset=30&_ts=1685371207396&DT_from=01.08.2022&DT_to=31.01.2023&timeFilterType=0#"
"326","FAZ","Bürgergeld","Nahles: Bürgergeld wird pünktlich ausgezahlt",2022-12-30,12,2022,"https://fazarchiv.faz.net/faz-portal/faz-archiv?q=B%C3%BCrgergeld&source=&max=30&sort=&offset=30&_ts=1685371207396&DT_from=01.08.2022&DT_to=31.01.2023&timeFilterType=0#"
"327","FAZ","Bürgergeld","Nahles: Bürgergeld wird pünktlich ausgezahlt",2022-12-30,12,2022,"https://fazarchiv.faz.net/faz-portal/faz-archiv?q=B%C3%BCrgergeld&source=&max=30&sort=&offset=30&_ts=1685371207396&DT_from=01.08.2022&DT_to=31.01.2023&timeFilterType=0#"
"328","FAZ","Bürgergeld","Mehr als fünf Millionen öffentlich Beschäftigte",2022-12-30,12,2022,"https://fazarchiv.faz.net/faz-portal/faz-archiv?q=B%C3%BCrgergeld&source=&max=30&sort=&offset=30&_ts=1685371207396&DT_from=01.08.2022&DT_to=31.01.2023&timeFilterType=0#"
"329","FAZ","Bürgergeld","Das Papaya-Prinzip der Politik",2023-01-08,1,2023,"https://fazarchiv.faz.net/faz-portal/faz-archiv?q=B%C3%BCrgergeld&source=&max=30&sort=&offset=0&_ts=1685371207396&DT_from=01.08.2022&DT_to=31.01.2023&timeFilterType=0#"
"330","FAZ","Bürgergeld","Gesetze, kunstvoll verpackt",2023-01-08,1,2023,"https://fazarchiv.faz.net/faz-portal/faz-archiv?q=B%C3%BCrgergeld&source=&max=30&sort=&offset=0&_ts=1685371207396&DT_from=01.08.2022&DT_to=31.01.2023&timeFilterType=0#"
